id,AZ,non,non,non,EL,non,non,non,non;;;;;
4037771705,-54.3053554453337,0,0,0;;;4037771462,-65.3793794711406,0,0,0;;
4037771705,-54.2138793532399,0,0,0;;;4037771462,-65.2288278247912,0,0,0;;
4037771705,-54.1128815392015,0,0,0;;;4037771462,-65.0609524877219,0,0,0;;
4037771705,-53.989360202056,0,0,0;;;4037771462,-64.8746949629354,0,0,0;;
4037771705,-53.8669771984183,0,0,0;;;4037771462,-64.6622280112472,0,0,0;;
4037771705,-53.7315874322608,0,0,0;;;4037771462,-64.449705353429,0,0,0;;
4037771705,-53.6121821917213,0,0,0;;;4037771462,-64.2481015615363,0,0,0;;
4037771705,-53.4954524176343,0,0,0;;;4037771462,-64.0372059064148,0,0,0;;
4037771705,-53.3968040696216,0,0,0;;;4037771462,-63.8103772857281,0,0,0;;
4037771705,-53.2982308872034,0,0,0;;;4037771462,-63.6081760660141,0,0,0;;
4037771705,-53.2200282537393,0,0,0;;;4037771462,-63.4024910472441,0,0,0;;
4037771705,-53.1436937854049,0,0,0;;;4037771462,-63.1953981116308,0,0,0;;
4037771705,-53.0733632548446,0,0,0;;;4037771462,-62.9733980115341,0,0,0;;
4037771705,-52.9972271962803,0,0,0;;;4037771462,-62.7679556140863,0,0,0;;
4037771705,-52.9225894155465,0,0,0;;;4037771462,-62.573684753245,0,0,0;;
4037771705,-52.834645616284,0,0,0;;;4037771462,-62.3796229669571,0,0,0;;
4037771705,-52.7437820898011,0,0,0;;;4037771462,-62.1889239892196,0,0,0;;
4037771705,-52.6318359016851,0,0,0;;;4037771462,-62.0154417315027,0,0,0;;
4037771705,-52.5202247370218,0,0,0;;;4037771462,-61.8531696247616,0,0,0;;
4037771705,-52.3922640027801,0,0,0;;;4037771462,-61.6905555785837,0,0,0;;
4037771705,-52.2720170741439,0,0,0;;;4037771462,-61.514660353892,0,0,0;;
4037771705,-52.1418627156012,0,0,0;;;4037771462,-61.3556123977918,0,0,0;;
4037771705,-52.0263134426087,0,0,0;;;4037771462,-61.2007961714789,0,0,0;;
4037771705,-51.9100468707995,0,0,0;;;4037771462,-61.0542773942417,0,0,0;;
4037771705,-51.8161855747602,0,0,0;;;4037771462,-60.9041266499491,0,0,0;;
4037771705,-51.7255807816276,0,0,0;;;4037771462,-60.7719957336206,0,0,0;;
4037771705,-51.6501569858409,0,0,0;;;4037771462,-60.648462480373,0,0,0;;
4037771705,-51.5767505180589,0,0,0;;;4037771462,-60.5313775527154,0,0,0;;
4037771705,-51.5111333783739,0,0,0;;;4037771462,-60.4027900724428,0,0,0;;
4037771705,-51.4413246641092,0,0,0;;;4037771462,-60.2882433537482,0,0,0;;
4037771705,-51.373090701219,0,0,0;;;4037771462,-60.1717054084742,0,0,0;;
4037771705,-51.2925795886875,0,0,0;;;4037771462,-60.0661636950278,0,0,0;;
4037771705,-51.2090601722361,0,0,0;;;4037771462,-59.9596803518449,0,0,0;;
4037771705,-51.1079841521376,0,0,0;;;4037771462,-59.8627142910406,0,0,0;;
4037771705,-51.00904719524,0,0,0;;;4037771462,-59.7718046088301,0,0,0;;
4037771705,-50.8984410692844,0,0,0;;;4037771462,-59.6903962901531,0,0,0;;
4037771705,-50.7963688834421,0,0,0;;;4037771462,-59.6025674228157,0,0,0;;
4037771705,-50.6875393744507,0,0,0;;;4037771462,-59.5262773847055,0,0,0;;
4037771705,-50.5951139516293,0,0,0;;;4037771462,-59.4495302084002,0,0,0;;
4037771705,-50.5024526254046,0,0,0;;;4037771462,-59.3834647552751,0,0,0;;
4037771705,-50.4291315318241,0,0,0;;;4037771462,-59.3158471438177,0,0,0;;
4037771705,-50.3573866129612,0,0,0;;;4037771462,-59.2540753876973,0,0,0;;
4037771705,-50.297017737334,0,0,0;;;4037771462,-59.1966287150105,0,0,0;;
4037771705,-50.2371772195671,0,0,0;;;4037771462,-59.1383230071472,0,0,0;;
4037771705,-50.1828497024073,0,0,0;;;4037771462,-59.0820949852031,0,0,0;;
4037771705,-50.1197104802736,0,0,0;;;4037771462,-59.0381370298737,0,0,0;;
4037771705,-50.0560972085665,0,0,0;;;4037771462,-58.9902971365025,0,0,0;;
4037771705,-49.9807940528653,0,0,0;;;4037771462,-58.9514879552127,0,0,0;;
4037771705,-49.9059231412167,0,0,0;;;4037771462,-58.9110445268381,0,0,0;;
4037771705,-49.8164109970789,0,0,0;;;4037771462,-58.8811351335777,0,0,0;;
4037771705,-49.7294444533404,0,0,0;;;4037771462,-58.8540202631681,0,0,0;;
4037771705,-49.6340105607468,0,0,0;;;4037771462,-58.8304199259893,0,0,0;;
4037771705,-49.5483781684004,0,0,0;;;4037771462,-58.807627385304,0,0,0;;
4037771705,-49.456943936283,0,0,0;;;4037771462,-58.7938022658106,0,0,0;;
4037771705,-49.3781888511948,0,0,0;;;4037771462,-58.7822239477512,0,0,0;;
4037771705,-49.3010939051442,0,0,0;;;4037771462,-58.7719944390753,0,0,0;;
4037771705,-49.2362636548631,0,0,0;;;4037771462,-58.7660698008182,0,0,0;;
4037771705,-49.1712222306622,0,0,0;;;4037771462,-58.7611850146833,0,0,0;;
4037771705,-49.114168048155,0,0,0;;;4037771462,-58.7604451351607,0,0,0;;
4037771705,-49.0538309615094,0,0,0;;;4037771462,-58.7625169566658,0,0,0;;
4037771705,-48.9973949793514,0,0,0;;;4037771462,-58.7657736749601,0,0,0;;
4037771705,-48.9357936933389,0,0,0;;;4037771462,-58.7730316663828,0,0,0;;
4037771705,-48.8745784846586,0,0,0;;;4037771462,-58.7869721600141,0,0,0;;
4037771705,-48.8039384974442,0,0,0;;;4037771462,-58.7995972177137,0,0,0;;
4037771705,-48.7336805213876,0,0,0;;;4037771462,-58.8223686686354,0,0,0;;
4037771705,-48.6534173581149,0,0,0;;;4037771462,-58.849982748759,0,0,0;;
4037771705,-48.5782703381818,0,0,0;;;4037771462,-58.8754354846757,0,0,0;;
4037771705,-48.4959505467965,0,0,0;;;4037771462,-58.9035199106701,0,0,0;;
4037771705,-48.4240510317146,0,0,0;;;4037771462,-58.93637509132,0,0,0;;
4037771705,-48.3494612389158,0,0,0;;;4037771462,-58.9714772842151,0,0,0;;
4037771705,-48.2857144253527,0,0,0;;;4037771462,-59.0073308328901,0,0,0;;
4037771705,-48.2219007267435,0,0,0;;;4037771462,-59.0509797617593,0,0,0;;
4037771705,-48.1681396844287,0,0,0;;;4037771462,-59.0887002247899,0,0,0;;
4037771705,-48.1147968142458,0,0,0;;;4037771462,-59.1440432059301,0,0,0;;
4037771705,-48.0676060649149,0,0,0;;;4037771462,-59.1980291379143,0,0,0;;
4037771705,-48.0185507550783,0,0,0;;;4037771462,-59.2540753876973,0,0,0;;
4037771705,-47.9736856343135,0,0,0;;;4037771462,-59.3119045317531,0,0,0;;
4037771705,-47.9218623343501,0,0,0;;;4037771462,-59.3740904062457,0,0,0;;
4037771705,-47.8723025126838,0,0,0;;;4037771462,-59.4335262799723,0,0,0;;
4037771705,-47.8161758443585,0,0,0;;;4037771462,-59.4920837821546,0,0,0;;
4037771705,-47.7617111509672,0,0,0;;;4037771462,-59.5596326926984,0,0,0;;
4037771705,-47.7027048009389,0,0,0;;;4037771462,-59.6322904386143,0,0,0;;
4037771705,-47.6481158682793,0,0,0;;;4037771462,-59.70836619313,0,0,0;;
4037771705,-47.5895031152083,0,0,0;;;4037771462,-59.7819512886757,0,0,0;;
4037771705,-47.5381557428944,0,0,0;;;4037771462,-59.8618743767501,0,0,0;;
4037771705,-47.4875576694313,0,0,0;;;4037771462,-59.946609671778,0,0,0;;
4037771705,-47.4464804407858,0,0,0;;;4037771462,-60.0189996014467,0,0,0;;
4037771705,-47.4041860290112,0,0,0;;;4037771462,-60.0944130362595,0,0,0;;
4037771705,-47.3696793065761,0,0,0;;;4037771462,-60.1689206605928,0,0,0;;
4037771705,-47.3345495537799,0,0,0;;;4037771462,-60.2468818963608,0,0,0;;
4037771705,-47.303623402792,0,0,0;;;4037771462,-60.3200582162976,0,0,0;;
4037771705,-47.2709416183103,0,0,0;;;4037771462,-60.3886788701821,0,0,0;;
4037771705,-47.2398848281742,0,0,0;;;4037771462,-60.4637848493879,0,0,0;;
4037771705,-47.2047237085455,0,0,0;;;4037771462,-60.5371853880342,0,0,0;;
4037771705,-47.1700966019851,0,0,0;;;4037771462,-60.5958438981837,0,0,0;;
4037771705,-47.1317008070203,0,0,0;;;4037771462,-60.656741765764,0,0,0;;
4037771705,-47.0954571795388,0,0,0;;;4037771462,-60.7084354004353,0,0,0;;
4037771705,-47.0555308150507,0,0,0;;;4037771462,-60.7621152348127,0,0,0;;
4037771705,-47.0199499567066,0,0,0;;;4037771462,-60.8095695319585,0,0,0;;
4037771705,-46.9837079605033,0,0,0;;;4037771462,-60.8454252296557,0,0,0;;
4037771705,-46.9525884124501,0,0,0;;;4037771462,-60.8755757657951,0,0,0;;
4037771705,-46.9211987723944,0,0,0;;;4037771462,-60.9065890663407,0,0,0;;
4037771705,-46.8956591843669,0,0,0;;;4037771462,-60.9215680109262,0,0,0;;
4037771705,-46.8687545880156,0,0,0;;;4037771462,-60.9263135690003,0,0,0;;
4037771705,-46.8455221260737,0,0,0;;;4037771462,-60.9077258017055,0,0,0;;
4037771705,-46.8205051890077,0,0,0;;;4037771462,-60.8793519522917,0,0,0;;
4037771705,-46.7987166018811,0,0,0;;;4037771462,-60.8439204466493,0,0,0;;
4037771705,-46.7763077351415,0,0,0;;;4037771462,-60.7897342391971,0,0,0;;
4037771705,-46.7542930588171,0,0,0;;;4037771462,-60.7221488442162,0,0,0;;
4037771705,-46.7280458149432,0,0,0;;;4037771462,-60.6464398548078,0,0,0;;
4037771705,-46.7031786085122,0,0,0;;;4037771462,-60.5650078993064,0,0,0;;
4037771705,-46.6774557629631,0,0,0;;;4037771462,-60.4780186992669,0,0,0;;
4037771705,-46.6515132431824,0,0,0;;;4037771462,-60.3678220292184,0,0,0;;
4037771705,-46.6255374487053,0,0,0;;;4037771462,-60.2581267915166,0,0,0;;
4037771705,-46.6027986860124,0,0,0;;;4037771462,-60.1340131113646,0,0,0;;
4037771705,-46.5796795047041,0,0,0;;;4037771462,-59.9983282574612,0,0,0;;
4037771705,-46.5586322427182,0,0,0;;;4037771462,-59.8372171217774,0,0,0;;
4037771705,-46.5384382650785,0,0,0;;;4037771462,-59.6841402827892,0,0,0;;
4037771705,-46.5220401290778,0,0,0;;;4037771462,-59.5253077880044,0,0,0;;
4037771705,-46.5056728928762,0,0,0;;;4037771462,-59.3621884472296,0,0,0;;
4037771705,-46.4919482087782,0,0,0;;;4037771462,-59.1789095406333,0,0,0;;
4037771705,-46.4772309970922,0,0,0;;;4037771462,-59.000939281529,0,0,0;;
4037771705,-46.4655764312519,0,0,0;;;4037771462,-58.8199845434185,0,0,0;;
4037771705,-46.4541903372029,0,0,0;;;4037771462,-58.6268258529677,0,0,0;;
4037771705,-46.4450561115295,0,0,0;;;4037771462,-58.4079800988167,0,0,0;;
4037771705,-46.4358233417595,0,0,0;;;4037771462,-58.2078323011014,0,0,0;;
4037771705,-46.428509014145,0,0,0;;;4037771462,-58.0052719817712,0,0,0;;
4037771705,-46.4227843564189,0,0,0;;;4037771462,-57.8070628624637,0,0,0;;
4037771705,-46.4195816345238,0,0,0;;;4037771462,-57.5904854245875,0,0,0;;
4037771705,-46.41706346919,0,0,0;;;4037771462,-57.3944624901984,0,0,0;;
4037771705,-46.4169915323353,0,0,0;;;4037771462,-57.1910245733564,0,0,0;;
4037771705,-46.4171713755893,0,0,0;;;4037771462,-56.9799384225243,0,0,0;;
4037771705,-46.4187181813071,0,0,0;;;4037771462,-56.7516403770516,0,0,0;;
4037771705,-46.4232522685908,0,0,0;;;4037771462,-56.541558740339,0,0,0;;
4037771705,-46.4274646128223,0,0,0;;;4037771462,-56.3331929339573,0,0,0;;
4037771705,-46.4331202864815,0,0,0;;;4037771462,-56.1304738995994,0,0,0;;
4037771705,-46.440149980648,0,0,0;;;4037771462,-55.9123140395767,0,0,0;;
4037771705,-46.4499650151522,0,0,0;;;4037771462,-55.7153253781058,0,0,0;;
4037771705,-46.459863445369,0,0,0;;;4037771462,-55.5220938242903,0,0,0;;
4037771705,-46.4737909116845,0,0,0;;;4037771462,-55.3215072386704,0,0,0;;
4037771705,-46.4887198872562,0,0,0;;;4037771462,-55.1039564743703,0,0,0;;
4037771705,-46.5081441868667,0,0,0;;;4037771462,-54.9050016567008,0,0,0;;
4037771705,-46.5276848813965,0,0,0;;;4037771462,-54.7086457958876,0,0,0;;
4037771705,-46.5522366641811,0,0,0;;;4037771462,-54.5157231287215,0,0,0;;
4037771705,-46.5777740011846,0,0,0;;;4037771462,-54.3091584824078,0,0,0;;
4037771705,-46.6067681603419,0,0,0;;;4037771462,-54.1240355951467,0,0,0;;
4037771705,-46.636117635172,0,0,0;;;4037771462,-53.9403970841452,0,0,0;;
4037771705,-46.6687132500025,0,0,0;;;4037771462,-53.7601447966918,0,0,0;;
4037771705,-46.7006512041464,0,0,0;;;4037771462,-53.5620594151449,0,0,0;;
4037771705,-46.7336768739955,0,0,0;;;4037771462,-53.3804093269722,0,0,0;;
4037771705,-46.7650687858357,0,0,0;;;4037771462,-53.2045095171555,0,0,0;;
4037771705,-46.7980401116995,0,0,0;;;4037771462,-53.028582252187,0,0,0;;
4037771705,-46.8297790860094,0,0,0;;;4037771462,-52.8405653666502,0,0,0;;
4037771705,-46.8658376607218,0,0,0;;;4037771462,-52.6723748647982,0,0,0;;
4037771705,-46.9007915206499,0,0,0;;;4037771462,-52.5094685244513,0,0,0;;
4037771705,-46.9404315176751,0,0,0;;;4037771462,-52.3495613746554,0,0,0;;
4037771705,-46.9808673206572,0,0,0;;;4037771462,-52.1737398353006,0,0,0;;
4037771705,-47.0284359441718,0,0,0;;;4037771462,-52.0134431605448,0,0,0;;
4037771705,-47.074210113134,0,0,0;;;4037771462,-51.8505731126774,0,0,0;;
4037771705,-47.127093767461,0,0,0;;;4037771462,-51.6931272491997,0,0,0;;
4037771705,-47.1804977381364,0,0,0;;;4037771462,-51.5252869070363,0,0,0;;
4037771705,-47.2402011740754,0,0,0;;;4037771462,-51.3779411199878,0,0,0;;
4037771705,-47.2949837762445,0,0,0;;;4037771462,-51.2306277101571,0,0,0;;
4037771705,-47.3567645268764,0,0,0;;;4037771462,-51.0892577272861,0,0,0;;
4037771705,-47.4129350169232,0,0,0;;;4037771462,-50.9355936048736,0,0,0;;
4037771705,-47.473897826837,0,0,0;;;4037771462,-50.7967781255412,0,0,0;;
4037771705,-47.5286256856395,0,0,0;;;4037771462,-50.6585741971115,0,0,0;;
4037771705,-47.5888033108276,0,0,0;;;4037771462,-50.5200133336679,0,0,0;;
4037771705,-47.6450494533169,0,0,0;;;4037771462,-50.3731991880122,0,0,0;;
4037771705,-47.7069181944227,0,0,0;;;4037771462,-50.2440766424101,0,0,0;;
4037771705,-47.7686844460163,0,0,0;;;4037771462,-50.1172284343193,0,0,0;;
4037771705,-47.8413116932422,0,0,0;;;4037771462,-49.9954419593367,0,0,0;;
4037771705,-47.9140385175753,0,0,0;;;4037771462,-49.8628994429901,0,0,0;;
4037771705,-47.9981601672106,0,0,0;;;4037771462,-49.7449178805295,0,0,0;;
4037771705,-48.0826251991002,0,0,0;;;4037771462,-49.6260873855994,0,0,0;;
4037771705,-48.1783102072168,0,0,0;;;4037771462,-49.5077896873016,0,0,0;;
4037771705,-48.2714089220532,0,0,0;;;4037771462,-49.3825320471934,0,0,0;;
4037771705,-48.3746138808862,0,0,0;;;4037771462,-49.2715027411655,0,0,0;;
4037771705,-48.4710369027646,0,0,0;;;4037771462,-49.162266849518,0,0,0;;
4037771705,-48.5748573877177,0,0,0;;;4037771462,-49.0575344362283,0,0,0;;
4037771705,-48.6700447747073,0,0,0;;;4037771462,-48.9470191999989,0,0,0;;
4037771705,-48.7740211860181,0,0,0;;;4037771462,-48.8468672199312,0,0,0;;
4037771705,-48.8706177288407,0,0,0;;;4037771462,-48.7493054584639,0,0,0;;
4037771705,-48.9745269291007,0,0,0;;;4037771462,-48.6501472607567,0,0,0;;
4037771705,-49.0756877294639,0,0,0;;;4037771462,-48.5469932869191,0,0,0;;
4037771705,-49.1895649441788,0,0,0;;;4037771462,-48.4518211727326,0,0,0;;
4037771705,-49.3025980290971,0,0,0;;;4037771462,-48.3596463615442,0,0,0;;
4037771705,-49.4334459516741,0,0,0;;;4037771462,-48.2684836640582,0,0,0;;
4037771705,-49.5639179143537,0,0,0;;;4037771462,-48.1738493379817,0,0,0;;
4037771705,-49.7138688614049,0,0,0;;;4037771462,-48.0890660290384,0,0,0;;
4037771705,-49.8604101268712,0,0,0;;;4037771462,-48.0041586638905,0,0,0;;
4037771705,-50.0269439464818,0,0,0;;;4037771462,-47.9207954061717,0,0,0;;
4037771705,-50.1860131926589,0,0,0;;;4037771462,-47.8288881977547,0,0,0;;
4037771705,-50.359821443445,0,0,0;;;4037771462,-47.7476404914704,0,0,0;;
4037771705,-50.5238372249058,0,0,0;;;4037771462,-47.6687136807953,0,0,0;;
4037771705,-50.7024309208914,0,0,0;;;4037771462,-47.5945472023094,0,0,0;;
4037771705,-50.8662643882804,0,0,0;;;4037771462,-47.5143577867512,0,0,0;;
4037771705,-51.0465988655472,0,0,0;;;4037771462,-47.443824112317,0,0,0;;
4037771705,-51.2148073493644,0,0,0;;;4037771462,-47.3771699373329,0,0,0;;
4037771705,-51.4016479496408,0,0,0;;;4037771462,-47.3089643779195,0,0,0;;
4037771705,-51.5804648037929,0,0,0;;;4037771462,-47.2370093378203,0,0,0;;
4037771705,-51.7868354525347,0,0,0;;;4037771462,-47.1715668849333,0,0,0;;
4037771705,-51.9923495039123,0,0,0;;;4037771462,-47.1085480036607,0,0,0;;
4037771705,-52.2315993378759,0,0,0;;;4037771462,-47.0464055781389,0,0,0;;
4037771705,-52.4694637932564,0,0,0;;;4037771462,-46.983522316156,0,0,0;;
4037771705,-52.742738905278,0,0,0;;;4037771462,-46.92768154668,0,0,0;;
4037771705,-53.0111253598065,0,0,0;;;4037771462,-46.8735153155117,0,0,0;;
4037771705,-53.3161209272017,0,0,0;;;4037771462,-46.8214812517556,0,0,0;;
4037771705,-53.609053343059,0,0,0;;;4037771462,-46.7648097751043,0,0,0;;
4037771705,-53.9352580937539,0,0,0;;;4037771462,-46.7159720979708,0,0,0;;
4037771705,-54.2417258504099,0,0,0;;;4037771462,-46.6687313863284,0,0,0;;
4037771705,-54.5764109312134,0,0,0;;;4037771462,-46.6241973888568,0,0,0;;
4037771705,-54.8905735935382,0,0,0;;;4037771462,-46.5749774591075,0,0,0;;
4037771705,-55.2396387040561,0,0,0;;;4037771462,-46.5364243457674,0,0,0;;
4037771705,-55.5725120927213,0,0,0;;;4037771462,-46.4998448956776,0,0,0;;
4037771705,-55.9500699050556,0,0,0;;;4037771462,-46.4644964784752,0,0,0;;
4037771705,-56.3236075607736,0,0,0;;;4037771462,-46.4288262334112,0,0,0;;
4037771705,-56.7566452399541,0,0,0;;;4037771462,-46.3939076064822,0,0,0;;
4037771705,-57.1908725318443,0,0,0;;;4037771462,-46.3630690858336,0,0,0;;
4037771705,-57.7006698612494,0,0,0;;;4037771462,-46.3334011553577,0,0,0;;
4037771705,-58.2050138693826,0,0,0;;;4037771462,-46.3049627635052,0,0,0;;
4037771705,-58.7868034725314,0,0,0;;;4037771462,-46.2791135070003,0,0,0;;
4037771705,-59.3376362108411,0,0,0;;;4037771462,-46.2573738359209,0,0,0;;
4037771705,-59.9397611217207,0,0,0;;;4037771462,-46.2367381816648,0,0,0;;
4037771705,-60.4831473114503,0,0,0;;;4037771462,-46.2154183442301,0,0,0;;
4037771705,-61.0447693424194,0,0,0;;;4037771462,-46.1975988036737,0,0,0;;
4037771705,-61.5094566588233,0,0,0;;;4037771462,-46.1807196805131,0,0,0;;
4037771705,-61.9514507988772,0,0,0;;;4037771462,-46.1678648443088,0,0,0;;
4037771705,-62.2907539509776,0,0,0;;;4037771462,-46.1548903424919,0,0,0;;
4037771705,-62.5553181127145,0,0,0;;;4037771462,-46.1457435252194,0,0,0;;
4037771705,-62.6882259121457,0,0,0;;;4037771462,-46.1390281348995,0,0,0;;
4037771705,-62.5751713195578,0,0,0;;;4037771462,-46.1363295953097,0,0,0;;
4037771705,-62.3333555576368,0,0,0;;;4037771462,-46.1351535711451,0,0,0;;
4037771705,-61.9409172350998,0,0,0;;;4037771462,-46.1335281528261,0,0,0;;
4037771705,-61.4965871586515,0,0,0;;;4037771462,-46.1340122881781,0,0,0;;
4037771705,-60.9365421559465,0,0,0;;;4037771462,-46.1364333697927,0,0,0;;
4037771705,-60.3814775948292,0,0,0;;;4037771462,-46.140862236449,0,0,0;;
4037771705,-59.7662673017153,0,0,0;;;4037771462,-46.1503157298301,0,0,0;;
4037771705,-59.1997520233387,0,0,0;;;4037771462,-46.1593633156978,0,0,0;;
4037771705,-58.5974742937485,0,0,0;;;4037771462,-46.1697050457468,0,0,0;;
4037771705,-58.064735854742,0,0,0;;;4037771462,-46.1845798441297,0,0,0;;
4037771705,-57.5101318509182,0,0,0;;;4037771462,-46.2049523438699,0,0,0;;
4037771705,-57.0191263152328,0,0,0;;;4037771462,-46.2264212340461,0,0,0;;
4037771705,-56.5004858375376,0,0,0;;;4037771462,-46.2497304755359,0,0,0;;
4037771705,-56.0354254873994,0,0,0;;;4037771462,-46.2767929521113,0,0,0;;
4037771705,-55.5411946643961,0,0,0;;;4037771462,-46.3085257061576,0,0,0;;
4037771705,-55.0878164971777,0,0,0;;;4037771462,-46.3407997893983,0,0,0;;
4037771705,-54.5989855772635,0,0,0;;;4037771462,-46.3743673897028,0,0,0;;
4037771705,-54.1475849334894,0,0,0;;;4037771462,-46.4106710218403,0,0,0;;
4037771705,-53.6625633257719,0,0,0;;;4037771462,-46.454372037651,0,0,0;;
4037771705,-53.2212090970327,0,0,0;;;4037771462,-46.4953734044036,0,0,0;;
4037771705,-52.7548923229818,0,0,0;;;4037771462,-46.5402647181514,0,0,0;;
4037771705,-52.3403935213962,0,0,0;;;4037771462,-46.5883038738697,0,0,0;;
4037771705,-51.9080161841905,0,0,0;;;4037771462,-46.643831700236,0,0,0;;
4037771705,-51.529386287638,0,0,0;;;4037771462,-46.6968014471006,0,0,0;;
4037771705,-51.1402031651397,0,0,0;;;4037771462,-46.7544408033449,0,0,0;;
4037771705,-50.8009555155292,0,0,0;;;4037771462,-46.8143349885014,0,0,0;;
4037771705,-50.4506222858998,0,0,0;;;4037771462,-46.884630735768,0,0,0;;
4037771705,-50.1437620396156,0,0,0;;;4037771462,-46.9513196808312,0,0,0;;
4037771705,-49.8236488618907,0,0,0;;;4037771462,-47.0209371734402,0,0,0;;
4037771705,-49.5355440087653,0,0,0;;;4037771462,-47.095442622025,0,0,0;;
4037771705,-49.227013161009,0,0,0;;;4037771462,-47.1805345752641,0,0,0;;
4037771705,-48.9447871404053,0,0,0;;;4037771462,-47.2647744453928,0,0,0;;
4037771705,-48.6405843295898,0,0,0;;;4037771462,-47.3503166698114,0,0,0;;
4037771705,-48.3604312529865,0,0,0;;;4037771462,-47.4380357030632,0,0,0;;
4037771705,-48.0580421888395,0,0,0;;;4037771462,-47.5383898195506,0,0,0;;
4037771705,-47.7823111220117,0,0,0;;;4037771462,-47.6321881869764,0,0,0;;
4037771705,-47.4895515258641,0,0,0;;;4037771462,-47.7330364103189,0,0,0;;
4037771705,-47.2264902479739,0,0,0;;;4037771462,-47.8358264813841,0,0,0;;
4037771705,-46.9531240128852,0,0,0;;;4037771462,-47.9562966278923,0,0,0;;
4037771705,-46.7116954269825,0,0,0;;;4037771462,-48.0723638461708,0,0,0;;
4037771705,-46.4619240260145,0,0,0;;;4037771462,-48.1947805216081,0,0,0;;
4037771705,-46.2417709425701,0,0,0;;;4037771462,-48.3196143218102,0,0,0;;
4037771705,-46.0125943800848,0,0,0;;;4037771462,-48.4604959710979,0,0,0;;
4037771705,-45.8059554340091,0,0,0;;;4037771462,-48.5941469511921,0,0,0;;
4037771705,-45.5873314284916,0,0,0;;;4037771462,-48.7347839135489,0,0,0;;
4037771705,-45.3878346177931,0,0,0;;;4037771462,-48.8800123720097,0,0,0;;
4037771705,-45.17375045151,0,0,0;;;4037771462,-49.0449059374043,0,0,0;;
4037771705,-44.9765399144221,0,0,0;;;4037771462,-49.2058950002768,0,0,0;;
4037771705,-44.7620979092691,0,0,0;;;4037771462,-49.3744931616166,0,0,0;;
4037771705,-44.5638287570272,0,0,0;;;4037771462,-49.5474021068993,0,0,0;;
4037771705,-44.3501158425681,0,0,0;;;4037771462,-49.7450226968137,0,0,0;;
4037771705,-44.1554688180431,0,0,0;;;4037771462,-49.9301491608497,0,0,0;;
4037771705,-43.9487490199764,0,0,0;;;4037771462,-50.1248354906843,0,0,0;;
4037771705,-43.7627189063258,0,0,0;;;4037771462,-50.3262829424758,0,0,0;;
4037771705,-43.5688173993655,0,0,0;;;4037771462,-50.5591222140865,0,0,0;;
4037771705,-43.3963818442106,0,0,0;;;4037771462,-50.7826516491774,0,0,0;;
4037771705,-43.2158503448279,0,0,0;;;4037771462,-51.0138445761934,0,0,0;;
4037771705,-43.0554175522695,0,0,0;;;4037771462,-51.2556618914224,0,0,0;;
4037771705,-42.8865322624054,0,0,0;;;4037771462,-51.5301130091352,0,0,0;;
4037771705,-42.7340160103196,0,0,0;;;4037771462,-51.7894798443144,0,0,0;;
4037771705,-42.570607991907,0,0,0;;;4037771462,-52.0621666222684,0,0,0;;
4037771705,-42.4207912964982,0,0,0;;;4037771462,-52.3458132805854,0,0,0;;
4037771705,-42.2569227310741,0,0,0;;;4037771462,-52.6683381249661,0,0,0;;
4037771705,-42.1044474175557,0,0,0;;;4037771462,-52.980225276136,0,0,0;;
4037771705,-41.9386080078755,0,0,0;;;4037771462,-53.3050721174839,0,0,0;;
4037771705,-41.7853456663744,0,0,0;;;4037771462,-53.6464827328835,0,0,0;;
4037771705,-41.6194896269559,0,0,0;;;4037771462,-54.0326324987414,0,0,0;;
4037771705,-41.4677613473068,0,0,0;;;4037771462,-54.3999510283185,0,0,0;;
4037771705,-41.3069666709058,0,0,0;;;4037771462,-54.7783446186454,0,0,0;;
4037771705,-41.1619108034431,0,0,0;;;4037771462,-55.165657644399,0,0,0;;
4037771705,-41.0103930953733,0,0,0;;;4037771462,-55.596301154994,0,0,0;;
4037771705,-40.8756198788014,0,0,0;;;4037771462,-55.9957566350336,0,0,0;;
4037771705,-40.7341886105507,0,0,0;;;4037771462,-56.399688537569,0,0,0;;
4037771705,-40.6067706341662,0,0,0;;;4037771462,-56.7961379201178,0,0,0;;
4037771705,-40.4720829969203,0,0,0;;;4037771462,-57.2122942829115,0,0,0;;
4037771705,-40.3490874972419,0,0,0;;;4037771462,-57.5682703654857,0,0,0;;
4037771705,-40.2160172520187,0,0,0;;;4037771462,-57.8884541269653,0,0,0;;
4037771705,-40.0926794661655,0,0,0;;;4037771462,-58.1546773726117,0,0,0;;
4037771705,-39.9583713001442,0,0,0;;;4037771462,-58.3749371467793,0,0,0;;
4037771705,-39.8331339907464,0,0,0;;;4037771462,-58.4985325806552,0,0,0;;
4037771705,-39.695961927431,0,0,0;;;4037771462,-58.4860505845112,0,0,0;;
4037771705,-39.5699604142868,0,0,0;;;4037771462,-58.3377901379228,0,0,0;;
4037771705,-39.4344519370403,0,0,0;;;4037771462,-58.1191457344719,0,0,0;;
4037771705,-39.3115422347727,0,0,0;;;4037771462,-57.8357491338928,0,0,0;;
4037771705,-39.1814144674957,0,0,0;;;4037771462,-57.4935194288141,0,0,0;;
4037771705,-39.0650484507084,0,0,0;;;4037771462,-57.0722824255592,0,0,0;;
4037771705,-38.9423069898253,0,0,0;;;4037771462,-56.642659132055,0,0,0;;
4037771705,-38.8329999222603,0,0,0;;;4037771462,-56.1856333826106,0,0,0;;
4037771705,-38.7180366562061,0,0,0;;;4037771462,-55.7076171329625,0,0,0;;
4037771705,-38.6133440416992,0,0,0;;;4037771462,-55.1765225937503,0,0,0;;
4037771705,-38.5013488319967,0,0,0;;;4037771462,-54.6853823232425,0,0,0;;
4037771705,-38.3986204241537,0,0,0;;;4037771462,-54.1943399110291,0,0,0;;
4037771705,-38.2873675517095,0,0,0;;;4037771462,-53.7125150694329,0,0,0;;
4037771705,-38.1844754284868,0,0,0;;;4037771462,-53.1951485024988,0,0,0;;
4037771705,-38.0713315466482,0,0,0;;;4037771462,-52.7307129014721,0,0,0;;
4037771705,-37.9673621420544,0,0,0;;;4037771462,-52.2728715856661,0,0,0;;
4037771705,-37.8544567052456,0,0,0;;;4037771462,-51.8272963658115,0,0,0;;
4037771705,-37.7513516764159,0,0,0;;;4037771462,-51.3509760916753,0,0,0;;
4037771705,-37.6417258083065,0,0,0;;;4037771462,-50.9292845908302,0,0,0;;
4037771705,-37.5420848441645,0,0,0;;;4037771462,-50.5152587757801,0,0,0;;
4037771705,-37.4364338659608,0,0,0;;;4037771462,-50.1129079667798,0,0,0;;
4037771705,-37.3409288418077,0,0,0;;;4037771462,-49.6913132016962,0,0,0;;
4037771705,-37.2406079863283,0,0,0;;;4037771462,-49.3170812197336,0,0,0;;
4037771705,-37.1502151348488,0,0,0;;;4037771462,-48.9540976778101,0,0,0;;
4037771705,-37.0548756814393,0,0,0;;;4037771462,-48.5987845684801,0,0,0;;
4037771705,-36.9687607183156,0,0,0;;;4037771462,-48.2223569583148,0,0,0;;
4037771705,-36.8766048795629,0,0,0;;;4037771462,-47.8853540801038,0,0,0;;
4037771705,-36.7909720745935,0,0,0;;;4037771462,-47.5580871532546,0,0,0;;
4037771705,-36.6984411463346,0,0,0;;;4037771462,-47.2386978779441,0,0,0;;
4037771705,-36.6130027750648,0,0,0;;;4037771462,-46.8987810721684,0,0,0;;
4037771705,-36.5193343427991,0,0,0;;;4037771462,-46.5974548604708,0,0,0;;
4037771705,-36.4327023857656,0,0,0;;;4037771462,-46.3015423027821,0,0,0;;
4037771705,-36.3391668683768,0,0,0;;;4037771462,-46.0136060074428,0,0,0;;
4037771705,-36.2533782218406,0,0,0;;;4037771462,-45.7058922799638,0,0,0;;
4037771705,-36.1609156249195,0,0,0;;;4037771462,-45.4307494992508,0,0,0;;
4037771705,-36.0774299430957,0,0,0;;;4037771462,-45.1614888139698,0,0,0;;
4037771705,-35.9898540978484,0,0,0;;;4037771462,-44.8970850522935,0,0,0;;
4037771705,-35.911668931978,0,0,0;;;4037771462,-44.6153993789506,0,0,0;;
4037771705,-35.8281314802907,0,0,0;;;4037771462,-44.3641705873152,0,0,0;;
4037771705,-35.753816174918,0,0,0;;;4037771462,-44.1197028093511,0,0,0;;
4037771705,-35.6742087217425,0,0,0;;;4037771462,-43.880727048908,0,0,0;;
4037771705,-35.6009344286499,0,0,0;;;4037771462,-43.6267733993705,0,0,0;;
4037771705,-35.5221145251561,0,0,0;;;4037771462,-43.3988683158746,0,0,0;;
4037771705,-35.4491402126992,0,0,0;;;4037771462,-43.1745519615681,0,0,0;;
4037771705,-35.3696126504297,0,0,0;;;4037771462,-42.9551635900917,0,0,0;;
4037771705,-35.2964734010025,0,0,0;;;4037771462,-42.7200060450653,0,0,0;;
4037771705,-35.2157693313872,0,0,0;;;4037771462,-42.5110322341323,0,0,0;;
4037771705,-35.1408738868749,0,0,0;;;4037771462,-42.3065453262471,0,0,0;;
4037771705,-35.0604480009332,0,0,0;;;4037771462,-42.1074363356379,0,0,0;;
4037771705,-34.9880899969378,0,0,0;;;4037771462,-41.8928388557685,0,0,0;;
4037771705,-34.9106569708105,0,0,0;;;4037771462,-41.6996313376926,0,0,0;;
4037771705,-34.8409065183261,0,0,0;;;4037771462,-41.5066282570265,0,0,0;;
4037771705,-34.7668567836688,0,0,0;;;4037771462,-41.3164899976563,0,0,0;;
4037771705,-34.6990683441975,0,0,0;;;4037771462,-41.1137041688018,0,0,0;;
4037771705,-34.6274625129667,0,0,0;;;4037771462,-40.9327051865031,0,0,0;;
4037771705,-34.5624210900027,0,0,0;;;4037771462,-40.7546377659898,0,0,0;;
4037771705,-34.4934504528979,0,0,0;;;4037771462,-40.5810234817917,0,0,0;;
4037771705,-34.4299169074544,0,0,0;;;4037771462,-40.3949903527763,0,0,0;;
4037771705,-34.3610347742246,0,0,0;;;4037771462,-40.2268441205824,0,0,0;;
4037771705,-34.297345018601,0,0,0;;;4037771462,-40.061908423754,0,0,0;;
4037771705,-34.227848903699,0,0,0;;;4037771462,-39.8984268943348,0,0,0;;
4037771705,-34.1634310819689,0,0,0;;;4037771462,-39.7220333505259,0,0,0;;
4037771705,-34.0944194440042,0,0,0;;;4037771462,-39.5643467609649,0,0,0;;
4037771705,-34.0307294288911,0,0,0;;;4037771462,-39.4087703475235,0,0,0;;
4037771705,-33.9611824813533,0,0,0;;;4037771462,-39.2583130585961,0,0,0;;
4037771705,-33.8977946387728,0,0,0;;;4037771462,-39.0970099887308,0,0,0;;
4037771705,-33.8305495917581,0,0,0;;;4037771462,-38.95043676049,0,0,0;;
4037771705,-33.7697145213875,0,0,0;;;4037771462,-38.8054927182257,0,0,0;;
4037771705,-33.7054143155583,0,0,0;;;4037771462,-38.6616548844671,0,0,0;;
4037771705,-33.6480260538927,0,0,0;;;4037771462,-38.5073022207348,0,0,0;;
4037771705,-33.5865465261537,0,0,0;;;4037771462,-38.3680395266143,0,0,0;;
4037771705,-33.5304089047083,0,0,0;;;4037771462,-38.2314060617446,0,0,0;;
4037771705,-33.4697533903659,0,0,0;;;4037771462,-38.0980676908217,0,0,0;;
4037771705,-33.4147334760932,0,0,0;;;4037771462,-37.9567170478258,0,0,0;;
4037771705,-33.3548856305504,0,0,0;;;4037771462,-37.8284158267069,0,0,0;;
4037771705,-33.2996567630701,0,0,0;;;4037771462,-37.7018905233136,0,0,0;;
4037771705,-33.2394656662701,0,0,0;;;4037771462,-37.5761747390199,0,0,0;;
4037771705,-33.1839444094682,0,0,0;;;4037771462,-37.4422922078217,0,0,0;;
4037771705,-33.1226009303906,0,0,0;;;4037771462,-37.3225341336504,0,0,0;;
4037771705,-33.0668679947514,0,0,0;;;4037771462,-37.2032173706095,0,0,0;;
4037771705,-33.0075488731183,0,0,0;;;4037771462,-37.0850782027449,0,0,0;;
4037771705,-32.953379024247,0,0,0;;;4037771462,-36.9574077780603,0,0,0;;
4037771705,-32.896943099846,0,0,0;;;4037771462,-36.8438842480907,0,0,0;;
4037771705,-32.8464872806907,0,0,0;;;4037771462,-36.7317316158506,0,0,0;;
4037771705,-32.7918183491151,0,0,0;;;4037771462,-36.6202106139169,0,0,0;;
4037771705,-32.7424818540464,0,0,0;;;4037771462,-36.4992499657753,0,0,0;;
4037771705,-32.6903425445657,0,0,0;;;4037771462,-36.3888426714331,0,0,0;;
4037771705,-32.6428221860994,0,0,0;;;4037771462,-36.2801214500755,0,0,0;;
4037771705,-32.591524883267,0,0,0;;;4037771462,-36.1738757811655,0,0,0;;
4037771705,-32.5438779320456,0,0,0;;;4037771462,-36.0616013985216,0,0,0;;
4037771705,-32.4924794505961,0,0,0;;;4037771462,-35.9580117882992,0,0,0;;
4037771705,-32.4450904710778,0,0,0;;;4037771462,-35.8555371534917,0,0,0;;
4037771705,-32.3936416830867,0,0,0;;;4037771462,-35.7536293569345,0,0,0;;
4037771705,-32.3464528691524,0,0,0;;;4037771462,-35.643431078722,0,0,0;;
4037771705,-32.2963476843322,0,0,0;;;4037771462,-35.5458376917454,0,0,0;;
4037771705,-32.2502040451946,0,0,0;;;4037771462,-35.4483079433366,0,0,0;;
4037771705,-32.2018465366793,0,0,0;;;4037771462,-35.3522909180495,0,0,0;;
4037771705,-32.1574894013496,0,0,0;;;4037771462,-35.2496457521655,0,0,0;;
4037771705,-32.1101218963545,0,0,0;;;4037771462,-35.1589839097701,0,0,0;;
4037771705,-32.0672359152155,0,0,0;;;4037771462,-35.0702067324505,0,0,0;;
4037771705,-32.0223932809747,0,0,0;;;4037771462,-34.9814562228549,0,0,0;;
4037771705,-31.9817731901809,0,0,0;;;4037771462,-34.8846015902788,0,0,0;;
4037771705,-31.9379117933318,0,0,0;;;4037771462,-34.7955242807406,0,0,0;;
4037771705,-31.8985695817686,0,0,0;;;4037771462,-34.7068779950972,0,0,0;;
4037771705,-31.8556903835,0,0,0;;;4037771462,-34.6198254138777,0,0,0;;
4037771705,-31.8165706599582,0,0,0;;;4037771462,-34.5272266064359,0,0,0;;
4037771705,-31.7756397005485,0,0,0;;;4037771462,-34.4441886488941,0,0,0;;
4037771705,-31.7374421435803,0,0,0;;;4037771462,-34.3643451116882,0,0,0;;
4037771705,-31.6960294225645,0,0,0;;;4037771462,-34.2858387666036,0,0,0;;
4037771705,-31.6583571673756,0,0,0;;;4037771462,-34.2001543468786,0,0,0;;
4037771705,-31.6179014721677,0,0,0;;;4037771462,-34.1231376083951,0,0,0;;
4037771705,-31.5808917226007,0,0,0;;;4037771462,-34.0460840134566,0,0,0;;
4037771705,-31.5416768117986,0,0,0;;;4037771462,-33.9715152078194,0,0,0;;
4037771705,-31.5074712370392,0,0,0;;;4037771462,-33.8901115773015,0,0,0;;
4037771705,-31.4712563020969,0,0,0;;;4037771462,-33.819100729828,0,0,0;;
4037771705,-31.4376533629341,0,0,0;;;4037771462,-33.7506519588378,0,0,0;;
4037771705,-31.4021874884259,0,0,0;;;4037771462,-33.680883041437,0,0,0;;
4037771705,-31.3706441191523,0,0,0;;;4037771462,-33.6041480729729,0,0,0;;
4037771705,-31.3362423360737,0,0,0;;;4037771462,-33.5355901243296,0,0,0;;
4037771705,-31.3056569609557,0,0,0;;;4037771462,-33.4682126981474,0,0,0;;
4037771705,-31.2736247782499,0,0,0;;;4037771462,-33.4020724911932,0,0,0;;
4037771705,-31.2438606130834,0,0,0;;;4037771462,-33.3328192961894,0,0,0;;
4037771705,-31.2121987841033,0,0,0;;;4037771462,-33.2688304541107,0,0,0;;
4037771705,-31.1840636316685,0,0,0;;;4037771462,-33.2077140815181,0,0,0;;
4037771705,-31.1539650964341,0,0,0;;;4037771462,-33.1478621635287,0,0,0;;
4037771705,-31.126747553499,0,0,0;;;4037771462,-33.0840542345039,0,0,0;;
4037771705,-31.0979008657838,0,0,0;;;4037771462,-33.0264676842991,0,0,0;;
4037771705,-31.071804744127,0,0,0;;;4037771462,-32.9688274243263,0,0,0;;
4037771705,-31.0442486557636,0,0,0;;;4037771462,-32.9123293496734,0,0,0;;
4037771705,-31.0193455112102,0,0,0;;;4037771462,-32.8514138293706,0,0,0;;
4037771705,-30.993094124687,0,0,0;;;4037771462,-32.7963495426471,0,0,0;;
4037771705,-30.9692907020602,0,0,0;;;4037771462,-32.7422167584822,0,0,0;;
4037771705,-30.9438925299519,0,0,0;;;4037771462,-32.6888090692582,0,0,0;;
4037771705,-30.9208939129164,0,0,0;;;4037771462,-32.6316203358239,0,0,0;;
4037771705,-30.8967932550013,0,0,0;;;4037771462,-32.5813995596392,0,0,0;;
4037771705,-30.8746579237944,0,0,0;;;4037771462,-32.5322909579683,0,0,0;;
4037771705,-30.8511764338933,0,0,0;;;4037771462,-32.4838822722934,0,0,0;;
4037771705,-30.8303106583877,0,0,0;;;4037771462,-32.431292355915,0,0,0;;
4037771705,-30.8074673309444,0,0,0;;;4037771462,-32.3821849684158,0,0,0;;
4037771705,-30.7869560066936,0,0,0;;;4037771462,-32.3341797435196,0,0,0;;
4037771705,-30.7645347928867,0,0,0;;;4037771462,-32.2858695983201,0,0,0;;
4037771705,-30.7442191935656,0,0,0;;;4037771462,-32.2351735323793,0,0,0;;
4037771705,-30.722380239372,0,0,0;;;4037771462,-32.1886938934979,0,0,0;;
4037771705,-30.7031938434599,0,0,0;;;4037771462,-32.14122543249,0,0,0;;
4037771705,-30.683967435527,0,0,0;;;4037771462,-32.0951758025812,0,0,0;;
4037771705,-30.6661502739732,0,0,0;;;4037771462,-32.0468138162199,0,0,0;;
4037771705,-30.6474095033808,0,0,0;;;4037771462,-32.0039452980113,0,0,0;;
4037771705,-30.6306018510995,0,0,0;;;4037771462,-31.9611655610774,0,0,0;;
4037771705,-30.6121357627857,0,0,0;;;4037771462,-31.9197061777624,0,0,0;;
4037771705,-30.5952506920945,0,0,0;;;4037771462,-31.8763603093909,0,0,0;;
4037771705,-30.5782880397292,0,0,0;;;4037771462,-31.8367296029313,0,0,0;;
4037771705,-30.5636714122912,0,0,0;;;4037771462,-31.7971129570872,0,0,0;;
4037771705,-30.5476729847883,0,0,0;;;4037771462,-31.7592224655977,0,0,0;;
4037771705,-30.5329402023317,0,0,0;;;4037771462,-31.7188583719479,0,0,0;;
4037771705,-30.5170270594681,0,0,0;;;4037771462,-31.6806782440168,0,0,0;;
4037771705,-30.5025188306198,0,0,0;;;4037771462,-31.6443737576398,0,0,0;;
4037771705,-30.4867876973837,0,0,0;;;4037771462,-31.6091231967878,0,0,0;;
4037771705,-30.473833078248,0,0,0;;;4037771462,-31.5714860262788,0,0,0;;
4037771705,-30.4596831874293,0,0,0;;;4037771462,-31.5377855948233,0,0,0;;
4037771705,-30.447209364305,0,0,0;;;4037771462,-31.5045876314793,0,0,0;;
4037771705,-30.4345192297928,0,0,0;;;4037771462,-31.4723856039389,0,0,0;;
4037771705,-30.4228458267383,0,0,0;;;4037771462,-31.4373599039091,0,0,0;;
4037771705,-30.4110057960421,0,0,0;;;4037771462,-31.4076457145639,0,0,0;;
4037771705,-30.4001092249829,0,0,0;;;4037771462,-31.3773750681697,0,0,0;;
4037771705,-30.3895615744527,0,0,0;;;4037771462,-31.348129759064,0,0,0;;
4037771705,-30.3794864628179,0,0,0;;;4037771462,-31.3167590375262,0,0,0;;
4037771705,-30.3690998713112,0,0,0;;;4037771462,-31.2900393378749,0,0,0;;
4037771705,-30.3599375396197,0,0,0;;;4037771462,-31.2633890979697,0,0,0;;
4037771705,-30.3500607582552,0,0,0;;;4037771462,-31.2359803289983,0,0,0;;
4037771705,-30.341415769046,0,0,0;;;4037771462,-31.2063196619095,0,0,0;;
4037771705,-30.3322656424112,0,0,0;;;4037771462,-31.1809757164824,0,0,0;;
4037771705,-30.3245238074641,0,0,0;;;4037771462,-31.1587330648942,0,0,0;;
4037771705,-30.3161239383306,0,0,0;;;4037771462,-31.1368917145067,0,0,0;;
4037771705,-30.308525956371,0,0,0;;;4037771462,-31.1145222206834,0,0,0;;
4037771705,-30.3021384324977,0,0,0;;;4037771462,-31.0936301755131,0,0,0;;
4037771705,-30.2959523597831,0,0,0;;;4037771462,-31.0747975195166,0,0,0;;
4037771705,-30.2902369713281,0,0,0;;;4037771462,-31.0562006397439,0,0,0;;
4037771705,-30.2853338393533,0,0,0;;;4037771462,-31.0365731601083,0,0,0;;
4037771705,-30.2805569311159,0,0,0;;;4037771462,-31.0201516024398,0,0,0;;
4037771705,-30.2759340837248,0,0,0;;;4037771462,-31.0038943126136,0,0,0;;
4037771705,-30.27077555757,0,0,0;;;4037771462,-30.9878608978775,0,0,0;;
4037771705,-30.2673008867064,0,0,0;;;4037771462,-30.9709456496204,0,0,0;;
4037771705,-30.2637603941785,0,0,0;;;4037771462,-30.9567562285835,0,0,0;;
4037771705,-30.2610947731546,0,0,0;;;4037771462,-30.9430531642329,0,0,0;;
4037771705,-30.2588553878754,0,0,0;;;4037771462,-30.9298942621469,0,0,0;;
4037771705,-30.2564095192109,0,0,0;;;4037771462,-30.9163474282112,0,0,0;;
4037771705,-30.2536958029017,0,0,0;;;4037771462,-30.9029773823372,0,0,0;;
4037771705,-30.2524427437968,0,0,0;;;4037771462,-30.893293811712,0,0,0;;
4037771705,-30.2517659433103,0,0,0;;;4037771462,-30.8855451587417,0,0,0;;
4037771705,-30.2516317081586,0,0,0;;;4037771462,-30.877642199123,0,0,0;;
4037771705,-30.2518106888218,0,0,0;;;4037771462,-30.8691021872274,0,0,0;;
4037771705,-30.2520176398113,0,0,0;;;4037771462,-30.8625968851669,0,0,0;;
4037771705,-30.25294618332,0,0,0;;;4037771462,-30.8577225932555,0,0,0;;
4037771705,-30.2536510476779,0,0,0;;;4037771462,-30.8531308673136,0,0,0;;
4037771705,-30.2540594476439,0,0,0;;;4037771462,-30.8493568690364,0,0,0;;
4037771705,-30.2559394540276,0,0,0;;;4037771462,-30.8455666634542,0,0,0;;
4037771705,-30.2583404109179,0,0,0;;;4037771462,-30.8431161080064,0,0,0;;
4037771705,-30.2608092194158,0,0,0;;;4037771462,-30.8418554119385,0,0,0;;
4037771705,-30.2641300616796,0,0,0;;;4037771462,-30.8414867523846,0,0,0;;
4037771705,-30.2676314810325,0,0,0;;;4037771462,-30.8408743364227,0,0,0;;
4037771705,-30.2712632435801,0,0,0;;;4037771462,-30.8406365166212,0,0,0;;
4037771705,-30.2744591053516,0,0,0;;;4037771462,-30.8422240871404,0,0,0;;
4037771705,-30.2791092215831,0,0,0;;;4037771462,-30.8458284141249,0,0,0;;
4037771705,-30.2835597336336,0,0,0;;;4037771462,-30.8485951250768,0,0,0;;
4037771705,-30.2887033920544,0,0,0;;;4037771462,-30.8518508576384,0,0,0;;
4037771705,-30.2939119222391,0,0,0;;;4037771462,-30.8557093198959,0,0,0;;
4037771705,-30.3002652745463,0,0,0;;;4037771462,-30.8607433785341,0,0,0;;
4037771705,-30.3064600492709,0,0,0;;;4037771462,-30.8653272069137,0,0,0;;
4037771705,-30.3131098588552,0,0,0;;;4037771462,-30.8711961300714,0,0,0;;
4037771705,-30.3199902516155,0,0,0;;;4037771462,-30.8766331929136,0,0,0;;
4037771705,-30.3274910714729,0,0,0;;;4037771462,-30.8851089047022,0,0,0;;
4037771705,-30.33451839019,0,0,0;;;4037771462,-30.8934313888326,0,0,0;;
4037771705,-30.3435578388735,0,0,0;;;4037771462,-30.902127094032,0,0,0;;
4037771705,-30.3515769209629,0,0,0;;;4037771462,-30.9125458683234,0,0,0;;
4037771705,-30.3602376978979,0,0,0;;;4037771462,-30.9247059154349,0,0,0;;
4037771705,-30.3687087023561,0,0,0;;;4037771462,-30.937706646654,0,0,0;;
4037771705,-30.3785102411585,0,0,0;;;4037771462,-30.9515759036941,0,0,0;;
4037771705,-30.3871411181875,0,0,0;;;4037771462,-30.9652079923899,0,0,0;;
4037771705,-30.39690092898,0,0,0;;;4037771462,-30.979574351425,0,0,0;;
4037771705,-30.4066831062667,0,0,0;;;4037771462,-30.9946483351094,0,0,0;;
4037771705,-30.4177874692262,0,0,0;;;4037771462,-31.010136520613,0,0,0;;
4037771705,-30.42850075873,0,0,0;;;4037771462,-31.0256462997,0,0,0;;
4037771705,-30.4411535144621,0,0,0;;;4037771462,-31.0452429884697,0,0,0;;
4037771705,-30.4531663998289,0,0,0;;;4037771462,-31.0637919965285,0,0,0;;
4037771705,-30.4659984832938,0,0,0;;;4037771462,-31.0825946663744,0,0,0;;
4037771705,-30.4780400623783,0,0,0;;;4037771462,-31.1002312637207,0,0,0;;
4037771705,-30.4913229328357,0,0,0;;;4037771462,-31.1207339447725,0,0,0;;
4037771705,-30.5034227262066,0,0,0;;;4037771462,-31.1410143287503,0,0,0;;
4037771705,-30.5177825197039,0,0,0;;;4037771462,-31.1626501098024,0,0,0;;
4037771705,-30.5322411897708,0,0,0;;;4037771462,-31.1857069975361,0,0,0;;
4037771705,-30.5480375736429,0,0,0;;;4037771462,-31.2104009208866,0,0,0;;
4037771705,-30.5621699450118,0,0,0;;;4037771462,-31.2345617659313,0,0,0;;
4037771705,-30.5780441308169,0,0,0;;;4037771462,-31.2582035926479,0,0,0;;
4037771705,-30.5937204853839,0,0,0;;;4037771462,-31.282379102498,0,0,0;;
4037771705,-30.6103577607596,0,0,0;;;4037771462,-31.3084665716882,0,0,0;;
4037771705,-30.6265364091233,0,0,0;;;4037771462,-31.3348151379476,0,0,0;;
4037771705,-30.6453960171944,0,0,0;;;4037771462,-31.3609913728452,0,0,0;;
4037771705,-30.662877394872,0,0,0;;;4037771462,-31.3865439545402,0,0,0;;
4037771705,-30.6816398511063,0,0,0;;;4037771462,-31.4154807967698,0,0,0;;
4037771705,-30.6997067443312,0,0,0;;;4037771462,-31.4434181960282,0,0,0;;
4037771705,-30.7201131761404,0,0,0;;;4037771462,-31.4747580849778,0,0,0;;
4037771705,-30.739053054194,0,0,0;;;4037771462,-31.5060060597062,0,0,0;;
4037771705,-30.760074091689,0,0,0;;;4037771462,-31.5406657710078,0,0,0;;
4037771705,-30.779844342342,0,0,0;;;4037771462,-31.5728378019661,0,0,0;;
4037771705,-30.8011670355554,0,0,0;;;4037771462,-31.6071682991052,0,0,0;;
4037771705,-30.8208997645923,0,0,0;;;4037771462,-31.6420392591331,0,0,0;;
4037771705,-30.8432875160431,0,0,0;;;4037771462,-31.679433996862,0,0,0;;
4037771705,-30.8648507481538,0,0,0;;;4037771462,-31.7140840640241,0,0,0;;
4037771705,-30.8882609521377,0,0,0;;;4037771462,-31.7500941386264,0,0,0;;
4037771705,-30.9104249872967,0,0,0;;;4037771462,-31.78701652067,0,0,0;;
4037771705,-30.9347813756328,0,0,0;;;4037771462,-31.8278125796892,0,0,0;;
4037771705,-30.9578593101602,0,0,0;;;4037771462,-31.8665193021464,0,0,0;;
4037771705,-30.9827325616849,0,0,0;;;4037771462,-31.906689772039,0,0,0;;
4037771705,-31.0066339103766,0,0,0;;;4037771462,-31.9463378400933,0,0,0;;
4037771705,-31.0326509387648,0,0,0;;;4037771462,-31.9920103407541,0,0,0;;
4037771705,-31.0564570611565,0,0,0;;;4037771462,-32.0333805951862,0,0,0;;
4037771705,-31.0825562798198,0,0,0;;;4037771462,-32.0760865534085,0,0,0;;
4037771705,-31.1072465558067,0,0,0;;;4037771462,-32.1189621935435,0,0,0;;
4037771705,-31.1338767099963,0,0,0;;;4037771462,-32.1681928132181,0,0,0;;
4037771705,-31.1588501033341,0,0,0;;;4037771462,-32.213455328333,0,0,0;;
4037771705,-31.1868225951682,0,0,0;;;4037771462,-32.2598159868803,0,0,0;;
4037771705,-31.2123737052913,0,0,0;;;4037771462,-32.3080725549687,0,0,0;;
4037771705,-31.2403814954921,0,0,0;;;4037771462,-32.3600752735297,0,0,0;;
4037771705,-31.267203573536,0,0,0;;;4037771462,-32.4084948445267,0,0,0;;
4037771705,-31.2963603804502,0,0,0;;;4037771462,-32.45779460126,0,0,0;;
4037771705,-31.3234700468766,0,0,0;;;4037771462,-32.5091046882086,0,0,0;;
4037771705,-31.3541945227055,0,0,0;;;4037771462,-32.5654028066912,0,0,0;;
4037771705,-31.3827788042027,0,0,0;;;4037771462,-32.6182371622946,0,0,0;;
4037771705,-31.4140530407296,0,0,0;;;4037771462,-32.6704920426821,0,0,0;;
4037771705,-31.4432009935193,0,0,0;;;4037771462,-32.724975913726,0,0,0;;
4037771705,-31.4751961803819,0,0,0;;;4037771462,-32.7852311927846,0,0,0;;
4037771705,-31.5048217533231,0,0,0;;;4037771462,-32.8399778319975,0,0,0;;
4037771705,-31.5375834424196,0,0,0;;;4037771462,-32.8962844444369,0,0,0;;
4037771705,-31.5689979931026,0,0,0;;;4037771462,-32.9529129561931,0,0,0;;
4037771705,-31.6030616534365,0,0,0;;;4037771462,-33.0178923296653,0,0,0;;
4037771705,-31.6347537011026,0,0,0;;;4037771462,-33.0781445209599,0,0,0;;
4037771705,-31.6699064166014,0,0,0;;;4037771462,-33.1393520975151,0,0,0;;
4037771705,-31.7023989587406,0,0,0;;;4037771462,-33.20203956984,0,0,0;;
4037771705,-31.738583704697,0,0,0;;;4037771462,-33.2716773495284,0,0,0;;
4037771705,-31.7723940640566,0,0,0;;;4037771462,-33.3352435229736,0,0,0;;
4037771705,-31.8099897251001,0,0,0;;;4037771462,-33.3991825420908,0,0,0;;
4037771705,-31.8450270948006,0,0,0;;;4037771462,-33.4655419545371,0,0,0;;
4037771705,-31.8831146126169,0,0,0;;;4037771462,-33.5376904276866,0,0,0;;
4037771705,-31.9187876254073,0,0,0;;;4037771462,-33.605210569619,0,0,0;;
4037771705,-31.9586029511457,0,0,0;;;4037771462,-33.6732596970963,0,0,0;;
4037771705,-31.9958458997541,0,0,0;;;4037771462,-33.7415555591005,0,0,0;;
4037771705,-32.0362435149671,0,0,0;;;4037771462,-33.8171909100489,0,0,0;;
4037771705,-32.0741803185937,0,0,0;;;4037771462,-33.8886167475822,0,0,0;;
4037771705,-32.1148200077613,0,0,0;;;4037771462,-33.9603793629616,0,0,0;;
4037771705,-32.1528795461614,0,0,0;;;4037771462,-34.0332979254259,0,0,0;;
4037771705,-32.1950791704374,0,0,0;;;4037771462,-34.1155323044193,0,0,0;;
4037771705,-32.2342587301865,0,0,0;;;4037771462,-34.1921927477979,0,0,0;;
4037771705,-32.2766235266816,0,0,0;;;4037771462,-34.2707358553328,0,0,0;;
4037771705,-32.3164004887616,0,0,0;;;4037771462,-34.3487668348094,0,0,0;;
4037771705,-32.3605305642053,0,0,0;;;4037771462,-34.4344804559426,0,0,0;;
4037771705,-32.4015469920864,0,0,0;;;4037771462,-34.5142845629986,0,0,0;;
4037771705,-32.4472867087792,0,0,0;;;4037771462,-34.59626692421,0,0,0;;
4037771705,-32.4900039771897,0,0,0;;;4037771462,-34.6801219287017,0,0,0;;
4037771705,-32.5373846168781,0,0,0;;;4037771462,-34.7729808899473,0,0,0;;
4037771705,-32.5810457025222,0,0,0;;;4037771462,-34.8607965849125,0,0,0;;
4037771705,-32.6290078489026,0,0,0;;;4037771462,-34.9497858994625,0,0,0;;
4037771705,-32.6741901444088,0,0,0;;;4037771462,-35.0399566982934,0,0,0;;
4037771705,-32.7235108794565,0,0,0;;;4037771462,-35.1392518526541,0,0,0;;
4037771705,-32.7699959327701,0,0,0;;;4037771462,-35.2304065932945,0,0,0;;
4037771705,-32.8214741191494,0,0,0;;;4037771462,-35.3236039088941,0,0,0;;
4037771705,-32.8693421164904,0,0,0;;;4037771462,-35.4175804500772,0,0,0;;
4037771705,-32.9218249701035,0,0,0;;;4037771462,-35.5206110301407,0,0,0;;
4037771705,-32.9713981296866,0,0,0;;;4037771462,-35.6154057479185,0,0,0;;
4037771705,-33.0262196714162,0,0,0;;;4037771462,-35.7120068691815,0,0,0;;
4037771705,-33.0766804574001,0,0,0;;;4037771462,-35.8100421076941,0,0,0;;
4037771705,-33.1325311427897,0,0,0;;;4037771462,-35.9187178585871,0,0,0;;
4037771705,-33.1856927090961,0,0,0;;;4037771462,-36.0193437148119,0,0,0;;
4037771705,-33.2433481131153,0,0,0;;;4037771462,-36.1210288814793,0,0,0;;
4037771705,-33.2969084873371,0,0,0;;;4037771462,-36.2225595920959,0,0,0;;
4037771705,-33.3557891039835,0,0,0;;;4037771462,-36.3334335111046,0,0,0;;
4037771705,-33.4108139124818,0,0,0;;;4037771462,-36.4379684227206,0,0,0;;
4037771705,-33.4704096250326,0,0,0;;;4037771462,-36.5433869861182,0,0,0;;
4037771705,-33.5265917396427,0,0,0;;;4037771462,-36.6511220486012,0,0,0;;
4037771705,-33.5875729649882,0,0,0;;;4037771462,-36.7699474081499,0,0,0;;
4037771705,-33.6441155317301,0,0,0;;;4037771462,-36.8814058635609,0,0,0;;
4037771705,-33.7063383472573,0,0,0;;;4037771462,-36.9959554553219,0,0,0;;
4037771705,-33.7649106616232,0,0,0;;;4037771462,-37.1115463869653,0,0,0;;
4037771705,-33.8289958582442,0,0,0;;;4037771462,-37.2393833509244,0,0,0;;
4037771705,-33.8890671567634,0,0,0;;;4037771462,-37.3556510600151,0,0,0;;
4037771705,-33.9553891142007,0,0,0;;;4037771462,-37.4742873561832,0,0,0;;
4037771705,-34.017500199749,0,0,0;;;4037771462,-37.5937255606812,0,0,0;;
4037771705,-34.0857096604659,0,0,0;;;4037771462,-37.7261185046282,0,0,0;;
4037771705,-34.1490609327033,0,0,0;;;4037771462,-37.8487888488746,0,0,0;;
4037771705,-34.2191456598612,0,0,0;;;4037771462,-37.9713111236008,0,0,0;;
4037771705,-34.2838372016298,0,0,0;;;4037771462,-38.0945173942106,0,0,0;;
4037771705,-34.3555965329138,0,0,0;;;4037771462,-38.232464244304,0,0,0;;
4037771705,-34.4225095274593,0,0,0;;;4037771462,-38.3600945997581,0,0,0;;
4037771705,-34.4950821382693,0,0,0;;;4037771462,-38.4897287570654,0,0,0;;
4037771705,-34.562329216805,0,0,0;;;4037771462,-38.6210357816174,0,0,0;;
4037771705,-34.6365756123495,0,0,0;;;4037771462,-38.7662252709353,0,0,0;;
4037771705,-34.7056879969473,0,0,0;;;4037771462,-38.9009254297513,0,0,0;;
4037771705,-34.7815710867643,0,0,0;;;4037771462,-39.0374266473079,0,0,0;;
4037771705,-34.8528774989397,0,0,0;;;4037771462,-39.176821370856,0,0,0;;
4037771705,-34.9313668271541,0,0,0;;;4037771462,-39.3309481209878,0,0,0;;
4037771705,-35.0047308584852,0,0,0;;;4037771462,-39.4721861173796,0,0,0;;
4037771705,-35.0847084140055,0,0,0;;;4037771462,-39.6164445580635,0,0,0;;
4037771705,-35.1599653931694,0,0,0;;;4037771462,-39.7629069142548,0,0,0;;
4037771705,-35.241988022492,0,0,0;;;4037771462,-39.9261012275937,0,0,0;;
4037771705,-35.3189670045331,0,0,0;;;4037771462,-40.0783220417431,0,0,0;;
4037771705,-35.4039494655054,0,0,0;;;4037771462,-40.2315052441382,0,0,0;;
4037771705,-35.4826085709043,0,0,0;;;4037771462,-40.3879382189093,0,0,0;;
4037771705,-35.5686789175654,0,0,0;;;4037771462,-40.5590995300699,0,0,0;;
4037771705,-35.648975953141,0,0,0;;;4037771462,-40.7195805589719,0,0,0;;
4037771705,-35.737224041647,0,0,0;;;4037771462,-40.8825913401785,0,0,0;;
4037771705,-35.819197411877,0,0,0;;;4037771462,-41.0492014384164,0,0,0;;
4037771705,-35.9084179476731,0,0,0;;;4037771462,-41.2328277011192,0,0,0;;
4037771705,-35.992431630488,0,0,0;;;4037771462,-41.4051181179897,0,0,0;;
4037771705,-36.0845535613621,0,0,0;;;4037771462,-41.5797079195519,0,0,0;;
4037771705,-36.1701530951078,0,0,0;;;4037771462,-41.7575030527303,0,0,0;;
4037771705,-36.264547321949,0,0,0;;;4037771462,-41.9549659258302,0,0,0;;
4037771705,-36.3525917652691,0,0,0;;;4037771462,-42.1391231370628,0,0,0;;
4037771705,-36.449423188276,0,0,0;;;4037771462,-42.327671161671,0,0,0;;
4037771705,-36.5397753048203,0,0,0;;;4037771462,-42.5164802197812,0,0,0;;
4037771705,-36.6384714841868,0,0,0;;;4037771462,-42.7277359077304,0,0,0;;
4037771705,-36.7307751058206,0,0,0;;;4037771462,-42.9249254130105,0,0,0;;
4037771705,-36.8319050936827,0,0,0;;;4037771462,-43.1244211349549,0,0,0;;
4037771705,-36.926720846731,0,0,0;;;4037771462,-43.3276554110942,0,0,0;;
4037771705,-37.0310508442793,0,0,0;;;4037771462,-43.5517226520267,0,0,0;;
4037771705,-37.1270780776003,0,0,0;;;4037771462,-43.763726201969,0,0,0;;
4037771705,-37.2323582864204,0,0,0;;;4037771462,-43.9788751031236,0,0,0;;
4037771705,-37.3308520358938,0,0,0;;;4037771462,-44.198132794278,0,0,0;;
4037771705,-37.438902807458,0,0,0;;;4037771462,-44.4414624920258,0,0,0;;
4037771705,-37.5395993462285,0,0,0;;;4037771462,-44.6703617492162,0,0,0;;
4037771705,-37.6506884598929,0,0,0;;;4037771462,-44.9021851784699,0,0,0;;
4037771705,-37.754707831965,0,0,0;;;4037771462,-45.1400575261679,0,0,0;;
4037771705,-37.8688965432249,0,0,0;;;4037771462,-45.4039692852526,0,0,0;;
4037771705,-37.9760276541756,0,0,0;;;4037771462,-45.6515162792121,0,0,0;;
4037771705,-38.0938454828565,0,0,0;;;4037771462,-45.9039343550807,0,0,0;;
4037771705,-38.2043082110001,0,0,0;;;4037771462,-46.1607507521235,0,0,0;;
4037771705,-38.3264332519956,0,0,0;;;4037771462,-46.4467685190857,0,0,0;;
4037771705,-38.4412775688058,0,0,0;;;4037771462,-46.7140864010695,0,0,0;;
4037771705,-38.5668193955964,0,0,0;;;4037771462,-46.9875274385168,0,0,0;;
4037771705,-38.6831512903158,0,0,0;;;4037771462,-47.2655228927926,0,0,0;;
4037771705,-38.81097596218,0,0,0;;;4037771462,-47.5736649975336,0,0,0;;
4037771705,-38.9300395979677,0,0,0;;;4037771462,-47.862158231106,0,0,0;;
4037771705,-39.0598660354666,0,0,0;;;4037771462,-48.156023204666,0,0,0;;
4037771705,-39.1820243141581,0,0,0;;;4037771462,-48.4584620377699,0,0,0;;
4037771705,-39.3162259047826,0,0,0;;;4037771462,-48.7952710828501,0,0,0;;
4037771705,-39.4410710525647,0,0,0;;;4037771462,-49.1106196521228,0,0,0;;
4037771705,-39.5778783394067,0,0,0;;;4037771462,-49.4296586457791,0,0,0;;
4037771705,-39.7072344140174,0,0,0;;;4037771462,-49.7552483630299,0,0,0;;
4037771705,-39.8501572790099,0,0,0;;;4037771462,-50.1158062710269,0,0,0;;
4037771705,-39.983750104578,0,0,0;;;4037771462,-50.4503877346925,0,0,0;;
4037771705,-40.1308472131056,0,0,0;;;4037771462,-50.7914558347233,0,0,0;;
4037771705,-40.2687741187936,0,0,0;;;4037771462,-51.1377868323336,0,0,0;;
4037771705,-40.4192525419434,0,0,0;;;4037771462,-51.5203991907511,0,0,0;;
4037771705,-40.5598400773189,0,0,0;;;4037771462,-51.8743142024619,0,0,0;;
4037771705,-40.7144852960722,0,0,0;;;4037771462,-52.2290220830973,0,0,0;;
4037771705,-40.8584190578576,0,0,0;;;4037771462,-52.5843604468277,0,0,0;;
4037771705,-41.0172478109502,0,0,0;;;4037771462,-52.9692794050218,0,0,0;;
4037771705,-41.1653879725121,0,0,0;;;4037771462,-53.3176357444408,0,0,0;;
4037771705,-41.3277822944312,0,0,0;;;4037771462,-53.6574122062348,0,0,0;;
4037771705,-41.4795491095239,0,0,0;;;4037771462,-53.9909198659048,0,0,0;;
4037771705,-41.6476298619482,0,0,0;;;4037771462,-54.3359677640045,0,0,0;;
4037771705,-41.8055644333542,0,0,0;;;4037771462,-54.6336112334568,0,0,0;;
4037771705,-41.9796424779671,0,0,0;;;4037771462,-54.9085147515958,0,0,0;;
4037771705,-42.1426458752657,0,0,0;;;4037771462,-55.1588128557768,0,0,0;;
4037771705,-42.3227865739125,0,0,0;;;4037771462,-55.3967253714945,0,0,0;;
4037771705,-42.4919193989508,0,0,0;;;4037771462,-55.5800749605341,0,0,0;;
4037771705,-42.6789237066875,0,0,0;;;4037771462,-55.7246051756104,0,0,0;;
4037771705,-42.8539189080446,0,0,0;;;4037771462,-55.8354749651516,0,0,0;;
4037771705,-43.0476781625621,0,0,0;;;4037771462,-55.909542825876,0,0,0;;
4037771705,-43.2299193282217,0,0,0;;;4037771462,-55.9238347083897,0,0,0;;
4037771705,-43.4301320303637,0,0,0;;;4037771462,-55.8748709048547,0,0,0;;
4037771705,-43.6179829191677,0,0,0;;;4037771462,-55.7844839145977,0,0,0;;
4037771705,-43.8254526725583,0,0,0;;;4037771462,-55.6676234306512,0,0,0;;
4037771705,-44.0205945227791,0,0,0;;;4037771462,-55.5283131062802,0,0,0;;
4037771705,-44.2364363990837,0,0,0;;;4037771462,-55.3627365412169,0,0,0;;
4037771705,-44.4380235338039,0,0,0;;;4037771462,-55.1632124577856,0,0,0;;
4037771705,-44.6631029926035,0,0,0;;;4037771462,-54.9622423699286,0,0,0;;
4037771705,-44.8749343451473,0,0,0;;;4037771462,-54.7470600667221,0,0,0;;
4037771705,-45.1106707580597,0,0,0;;;4037771462,-54.5246230253063,0,0,0;;
4037771705,-45.332642148324,0,0,0;;;4037771462,-54.2719228233052,0,0,0;;
4037771705,-45.5782479051959,0,0,0;;;4037771462,-54.0339204675111,0,0,0;;
4037771705,-45.8108514530379,0,0,0;;;4037771462,-53.7970837309996,0,0,0;;
4037771705,-46.0689440105525,0,0,0;;;4037771462,-53.5586442073906,0,0,0;;
4037771705,-46.3110660440738,0,0,0;;;4037771462,-53.2985209582038,0,0,0;;
4037771705,-46.5802658975895,0,0,0;;;4037771462,-53.0626851801407,0,0,0;;
4037771705,-46.8350613379878,0,0,0;;;4037771462,-52.8297939779673,0,0,0;;
4037771705,-47.1178090309999,0,0,0;;;4037771462,-52.6013824085276,0,0,0;;
4037771705,-47.3835781148093,0,0,0;;;4037771462,-52.3584076299604,0,0,0;;
4037771705,-47.6778831373499,0,0,0;;;4037771462,-52.1407385900087,0,0,0;;
4037771705,-47.9572214029745,0,0,0;;;4037771462,-51.9283238758203,0,0,0;;
4037771705,-48.2672687350212,0,0,0;;;4037771462,-51.7205194730931,0,0,0;;
4037771705,-48.5601141017881,0,0,0;;;4037771462,-51.5011965373671,0,0,0;;
4037771705,-48.8877143911788,0,0,0;;;4037771462,-51.3053832416427,0,0,0;;
4037771705,-49.1973389043093,0,0,0;;;4037771462,-51.1121694320793,0,0,0;;
4037771705,-49.543273158997,0,0,0;;;4037771462,-50.9259816971518,0,0,0;;
4037771705,-49.8720203492528,0,0,0;;;4037771462,-50.7299544211991,0,0,0;;
4037771705,-50.2384057398449,0,0,0;;;4037771462,-50.5561297090551,0,0,0;;
4037771705,-50.5904020849979,0,0,0;;;4037771462,-50.3903996451334,0,0,0;;
4037771705,-50.9844271892539,0,0,0;;;4037771462,-50.2293241006487,0,0,0;;
4037771705,-51.3587836740049,0,0,0;;;4037771462,-50.060359710028,0,0,0;;
4037771705,-51.7784964641465,0,0,0;;;4037771462,-49.9128203235165,0,0,0;;
4037771705,-52.1801878490866,0,0,0;;;4037771462,-49.7702678166185,0,0,0;;
4037771705,-52.6316887761053,0,0,0;;;4037771462,-49.6307412472637,0,0,0;;
4037771705,-53.0668641276694,0,0,0;;;4037771462,-49.484413811473,0,0,0;;
4037771705,-53.5530895334781,0,0,0;;;4037771462,-49.3556310151136,0,0,0;;
4037771705,-54.0231408826535,0,0,0;;;4037771462,-49.2320391371659,0,0,0;;
4037771705,-54.5546291040345,0,0,0;;;4037771462,-49.1117402171967,0,0,0;;
4037771705,-55.068025755272,0,0,0;;;4037771462,-48.9852060515243,0,0,0;;
4037771705,-55.6506784220543,0,0,0;;;4037771462,-48.8726621780652,0,0,0;;
4037771705,-56.2170274600213,0,0,0;;;4037771462,-48.7649748454142,0,0,0;;
4037771705,-56.8675854033678,0,0,0;;;4037771462,-48.6613352656802,0,0,0;;
4037771705,-57.4980146710039,0,0,0;;;4037771462,-48.5537987284548,0,0,0;;
4037771705,-58.2195590019948,0,0,0;;;4037771462,-48.458778396119,0,0,0;;
4037771705,-58.9249143168206,0,0,0;;;4037771462,-48.3692583071438,0,0,0;;
4037771705,-59.7330468342057,0,0,0;;;4037771462,-48.2821570068287,0,0,0;;
4037771705,-60.4978731675988,0,0,0;;;4037771462,-48.1895210873687,0,0,0;;
4037771705,-61.3338003210988,0,0,0;;;4037771462,-48.1066249358149,0,0,0;;
4037771705,-62.083663621679,0,0,0;;;4037771462,-48.028726576847,0,0,0;;
4037771705,-62.8189195295495,0,0,0;;;4037771462,-47.9529702122003,0,0,0;;
4037771705,-63.3924579295886,0,0,0;;;4037771462,-47.8770657545646,0,0,0;;
4037771705,-63.8517952177811,0,0,0;;;4037771462,-47.809784019389,0,0,0;;
4037771705,-64.1146040549327,0,0,0;;;4037771462,-47.7482234999683,0,0,0;;
4037771705,-64.1367066217218,0,0,0;;;4037771462,-47.6892468293896,0,0,0;;
4037771705,-63.92356873008,0,0,0;;;4037771462,-47.627874574632,0,0,0;;
4037771705,-63.5819001523986,0,0,0;;;4037771462,-47.5715020036408,0,0,0;;
4037771705,-63.1718361293915,0,0,0;;;4037771462,-47.5169931918336,0,0,0;;
4037771705,-62.6650766206159,0,0,0;;;4037771462,-47.4684276528972,0,0,0;;
4037771705,-62.1551555362872,0,0,0;;;4037771462,-47.4179268665707,0,0,0;;
4037771705,-61.5747096359571,0,0,0;;;4037771462,-47.3752946849657,0,0,0;;
4037771705,-61.0370216062133,0,0,0;;;4037771462,-47.3365636423259,0,0,0;;
4037771705,-60.4577539328977,0,0,0;;;4037771462,-47.3002586820963,0,0,0;;
4037771705,-59.9252695757908,0,0,0;;;4037771462,-47.2610331754732,0,0,0;;
4037771705,-59.3661804404847,0,0,0;;;4037771462,-47.227983180907,0,0,0;;
4037771705,-58.8636456828267,0,0,0;;;4037771462,-47.1975987366417,0,0,0;;
4037771705,-58.3338264249554,0,0,0;;;4037771462,-47.1679044924455,0,0,0;;
4037771705,-57.8680160334348,0,0,0;;;4037771462,-47.1394761231664,0,0,0;;
4037771705,-57.3836096559701,0,0,0;;;4037771462,-47.1152049109542,0,0,0;;
4037771705,-56.9526981961439,0,0,0;;;4037771462,-47.094167932394,0,0,0;;
4037771705,-56.5056551895618,0,0,0;;;4037771462,-47.0740295032493,0,0,0;;
4037771705,-56.1053724440945,0,0,0;;;4037771462,-47.0550142022435,0,0,0;;
4037771705,-55.6937937292137,0,0,0;;;4037771462,-47.0403385510917,0,0,0;;
4037771705,-55.3272854612319,0,0,0;;;4037771462,-47.0273356050232,0,0,0;;
4037771705,-54.9466652035893,0,0,0;;;4037771462,-47.0190606833497,0,0,0;;
4037771705,-54.6122813688297,0,0,0;;;4037771462,-47.0097225593581,0,0,0;;
4037771705,-54.2617597530012,0,0,0;;;4037771462,-47.0037575402115,0,0,0;;
4037771705,-53.9554533685308,0,0,0;;;4037771462,-46.9969944947627,0,0,0;;
4037771705,-53.6360148621694,0,0,0;;;4037771462,-46.9932522474035,0,0,0;;
4037771705,-53.352411553867,0,0,0;;;4037771462,-46.9912290505041,0,0,0;;
4037771705,-53.0597516112245,0,0,0;;;4037771462,-46.9905420342189,0,0,0;;
4037771705,-52.8023262693139,0,0,0;;;4037771462,-46.9913053890013,0,0,0;;
4037771705,-52.5335251421323,0,0,0;;;4037771462,-46.9937485752277,0,0,0;;
4037771705,-52.296400766671,0,0,0;;;4037771462,-46.998828020663,0,0,0;;
4037771705,-52.0507041122577,0,0,0;;;4037771462,-47.0076955228514,0,0,0;;
4037771705,-51.8315352262972,0,0,0;;;4037771462,-47.0169931841259,0,0,0;;
4037771705,-51.6043523451576,0,0,0;;;4037771462,-47.0279488759043,0,0,0;;
4037771705,-51.4027334463991,0,0,0;;;4037771462,-47.0383043579252,0,0,0;;
4037771705,-51.1932126798227,0,0,0;;;4037771462,-47.0548988517835,0,0,0;;
4037771705,-51.008314901413,0,0,0;;;4037771462,-47.0724111975747,0,0,0;;
4037771705,-50.8160429536936,0,0,0;;;4037771462,-47.0907310653755,0,0,0;;
4037771705,-50.6430758191248,0,0,0;;;4037771462,-47.1111017951108,0,0,0;;
4037771705,-50.4627628965078,0,0,0;;;4037771462,-47.1355943781097,0,0,0;;
4037771705,-50.3028669919192,0,0,0;;;4037771462,-47.1601173023649,0,0,0;;
4037771705,-50.1362525687811,0,0,0;;;4037771462,-47.1839291165244,0,0,0;;
4037771705,-49.9869766248833,0,0,0;;;4037771462,-47.2110158686182,0,0,0;;
4037771705,-49.8324914959581,0,0,0;;;4037771462,-47.2390906087437,0,0,0;;
4037771705,-49.6943861109572,0,0,0;;;4037771462,-47.2689114089104,0,0,0;;
4037771705,-49.5497193755534,0,0,0;;;4037771462,-47.2988349440504,0,0,0;;
4037771705,-49.4216953378458,0,0,0;;;4037771462,-47.3312828626704,0,0,0;;
4037771705,-49.2865174038473,0,0,0;;;4037771462,-47.3681564712348,0,0,0;;
4037771705,-49.1666796207572,0,0,0;;;4037771462,-47.4044267056224,0,0,0;;
4037771705,-49.0402470081075,0,0,0;;;4037771462,-47.4444675070817,0,0,0;;
4037771705,-48.9275298591582,0,0,0;;;4037771462,-47.48307788353,0,0,0;;
4037771705,-48.8109008880192,0,0,0;;;4037771462,-47.527218020648,0,0,0;;
4037771705,-48.7062506330713,0,0,0;;;4037771462,-47.569461937013,0,0,0;;
4037771705,-48.5951703539197,0,0,0;;;4037771462,-47.6135933272454,0,0,0;;
4037771705,-48.4975043118983,0,0,0;;;4037771462,-47.6594751487769,0,0,0;;
4037771705,-48.3936956260943,0,0,0;;;4037771462,-47.7108237580676,0,0,0;;
4037771705,-48.3018754290306,0,0,0;;;4037771462,-47.7601421039254,0,0,0;;
4037771705,-48.2052248184937,0,0,0;;;4037771462,-47.8103712141419,0,0,0;;
4037771705,-48.1189524493627,0,0,0;;;4037771462,-47.8632975634024,0,0,0;;
4037771705,-48.0289805405051,0,0,0;;;4037771462,-47.9221973771021,0,0,0;;
4037771705,-47.9489795225304,0,0,0;;;4037771462,-47.9776073558926,0,0,0;;
4037771705,-47.86524556573,0,0,0;;;4037771462,-48.0356111760908,0,0,0;;
4037771705,-47.7907754655154,0,0,0;;;4037771462,-48.0939616115924,0,0,0;;
4037771705,-47.7110501388676,0,0,0;;;4037771462,-48.1593846508954,0,0,0;;
4037771705,-47.6416113835502,0,0,0;;;4037771462,-48.2212135196875,0,0,0;;
4037771705,-47.5675479104431,0,0,0;;;4037771462,-48.2849031200594,0,0,0;;
4037771705,-47.5005055515007,0,0,0;;;4037771462,-48.3493755772364,0,0,0;;
4037771705,-47.4319551323826,0,0,0;;;4037771462,-48.4222474773263,0,0,0;;
4037771705,-47.3695187566841,0,0,0;;;4037771462,-48.4882502017886,0,0,0;;
4037771705,-47.3034640692345,0,0,0;;;4037771462,-48.5578662688749,0,0,0;;
4037771705,-47.2459765115237,0,0,0;;;4037771462,-48.6291048115285,0,0,0;;
4037771705,-47.1846223907099,0,0,0;;;4037771462,-48.7080921909056,0,0,0;;
4037771705,-47.1302559638224,0,0,0;;;4037771462,-48.7813291926123,0,0,0;;
4037771705,-47.0723481320377,0,0,0;;;4037771462,-48.856418987645,0,0,0;;
4037771705,-47.0226491444343,0,0,0;;;4037771462,-48.9328795265082,0,0,0;;
4037771705,-46.969744028947,0,0,0;;;4037771462,-49.0200413639744,0,0,0;;
4037771705,-46.9232955150018,0,0,0;;;4037771462,-49.0987408115464,0,0,0;;
4037771705,-46.8752738618404,0,0,0;;;4037771462,-49.1790436465595,0,0,0;;
4037771705,-46.8311370725925,0,0,0;;;4037771462,-49.2620289918488,0,0,0;;
4037771705,-46.7854970103341,0,0,0;;;4037771462,-49.3549795984449,0,0,0;;
4037771705,-46.7449873081878,0,0,0;;;4037771462,-49.4412399685415,0,0,0;;
4037771705,-46.7020634865182,0,0,0;;;4037771462,-49.5289790286185,0,0,0;;
4037771705,-46.6646413545279,0,0,0;;;4037771462,-49.6165289379859,0,0,0;;
4037771705,-46.6243585745317,0,0,0;;;4037771462,-49.7145744045571,0,0,0;;
4037771705,-46.5897269528821,0,0,0;;;4037771462,-49.8049219945188,0,0,0;;
4037771705,-46.5546847008019,0,0,0;;;4037771462,-49.8982993045102,0,0,0;;
4037771705,-46.5237513761564,0,0,0;;;4037771462,-49.991936474731,0,0,0;;
4037771705,-46.491766810586,0,0,0;;;4037771462,-50.0930287185972,0,0,0;;
4037771705,-46.4630087385233,0,0,0;;;4037771462,-50.1884145194521,0,0,0;;
4037771705,-46.4331563216859,0,0,0;;;4037771462,-50.2825732300869,0,0,0;;
4037771705,-46.4071058834649,0,0,0;;;4037771462,-50.382218131088,0,0,0;;
4037771705,-46.3814557281515,0,0,0;;;4037771462,-50.4934669682195,0,0,0;;
4037771705,-46.3593462505048,0,0,0;;;4037771462,-50.5943615939602,0,0,0;;
4037771705,-46.3365445058869,0,0,0;;;4037771462,-50.6949802321066,0,0,0;;
4037771705,-46.3167530741848,0,0,0;;;4037771462,-50.7964823571452,0,0,0;;
4037771705,-46.2971840121935,0,0,0;;;4037771462,-50.912003352313,0,0,0;;
4037771705,-46.281022201696,0,0,0;;;4037771462,-51.0177271481484,0,0,0;;
4037771705,-46.2655619678459,0,0,0;;;4037771462,-51.1265353598123,0,0,0;;
4037771705,-46.2528111933,0,0,0;;;4037771462,-51.2352305771085,0,0,0;;
4037771705,-46.2411012191603,0,0,0;;;4037771462,-51.355201605146,0,0,0;;
4037771705,-46.2319417674496,0,0,0;;;4037771462,-51.4656010718005,0,0,0;;
4037771705,-46.2245859737332,0,0,0;;;4037771462,-51.5800756433554,0,0,0;;
4037771705,-46.2175176129288,0,0,0;;;4037771462,-51.6949638321881,0,0,0;;
4037771705,-46.2115790113882,0,0,0;;;4037771462,-51.820305522242,0,0,0;;
4037771705,-46.2080669570948,0,0,0;;;4037771462,-51.9400568734707,0,0,0;;
4037771705,-46.2059604059478,0,0,0;;;4037771462,-52.0579932792879,0,0,0;;
4037771705,-46.20406494663,0,0,0;;;4037771462,-52.1769983265507,0,0,0;;
4037771705,-46.2038192692227,0,0,0;;;4037771462,-52.3073650943777,0,0,0;;
4037771705,-46.2038543655697,0,0,0;;;4037771462,-52.4289328159292,0,0,0;;
4037771705,-46.2055391570186,0,0,0;;;4037771462,-52.5494028895234,0,0,0;;
4037771705,-46.209050189163,0,0,0;;;4037771462,-52.6742837950623,0,0,0;;
4037771705,-46.2137220620386,0,0,0;;;4037771462,-52.8081420518788,0,0,0;;
4037771705,-46.2193456920996,0,0,0;;;4037771462,-52.9325898858056,0,0,0;;
4037771705,-46.226485916992,0,0,0;;;4037771462,-53.0567746360428,0,0,0;;
4037771705,-46.2337376678036,0,0,0;;;4037771462,-53.1839285856385,0,0,0;;
4037771705,-46.2438861976791,0,0,0;;;4037771462,-53.3239639447748,0,0,0;;
4037771705,-46.2553174851337,0,0,0;;;4037771462,-53.4526302005259,0,0,0;;
4037771705,-46.2686376702786,0,0,0;;;4037771462,-53.5847803042565,0,0,0;;
4037771705,-46.2833949698535,0,0,0;;;4037771462,-53.718723652154,0,0,0;;
4037771705,-46.3021165154705,0,0,0;;;4037771462,-53.8661282552014,0,0,0;;
4037771705,-46.3193845854554,0,0,0;;;4037771462,-54.0016928516434,0,0,0;;
4037771705,-46.3387186157525,0,0,0;;;4037771462,-54.137147226385,0,0,0;;
4037771705,-46.3588460398736,0,0,0;;;4037771462,-54.2708638106222,0,0,0;;
4037771705,-46.3829603583252,0,0,0;;;4037771462,-54.4177034140324,0,0,0;;
4037771705,-46.4060640523569,0,0,0;;;4037771462,-54.5520155795574,0,0,0;;
4037771705,-46.4322194549549,0,0,0;;;4037771462,-54.6912155080604,0,0,0;;
4037771705,-46.4585984187463,0,0,0;;;4037771462,-54.8286354638792,0,0,0;;
4037771705,-46.488828687544,0,0,0;;;4037771462,-54.9767791870165,0,0,0;;
4037771705,-46.5170175637123,0,0,0;;;4037771462,-55.1153279857928,0,0,0;;
4037771705,-46.5497527949794,0,0,0;;;4037771462,-55.2534542361034,0,0,0;;
4037771705,-46.5811089067247,0,0,0;;;4037771462,-55.3926075508612,0,0,0;;
4037771705,-46.6164789636412,0,0,0;;;4037771462,-55.5454646772805,0,0,0;;
4037771705,-46.6514023859019,0,0,0;;;4037771462,-55.6837026528938,0,0,0;;
4037771705,-46.6896210063536,0,0,0;;;4037771462,-55.8231211534407,0,0,0;;
4037771705,-46.7261820301048,0,0,0;;;4037771462,-55.9604179640044,0,0,0;;
4037771705,-46.7663792474965,0,0,0;;;4037771462,-56.1123467810105,0,0,0;;
4037771705,-46.8054844030968,0,0,0;;;4037771462,-56.2494530110021,0,0,0;;
4037771705,-46.8491504672679,0,0,0;;;4037771462,-56.3875195577169,0,0,0;;
4037771705,-46.8907577837219,0,0,0;;;4037771462,-56.5290750624181,0,0,0;;
4037771705,-46.9383688282489,0,0,0;;;4037771462,-56.6777478153047,0,0,0;;
4037771705,-46.9827481809652,0,0,0;;;4037771462,-56.8189457794835,0,0,0;;
4037771705,-47.0308675501936,0,0,0;;;4037771462,-56.9592294862609,0,0,0;;
4037771705,-47.0757620690121,0,0,0;;;4037771462,-57.0987604688417,0,0,0;;
4037771705,-47.1267034526735,0,0,0;;;4037771462,-57.2531244555538,0,0,0;;
4037771705,-47.1757077433903,0,0,0;;;4037771462,-57.3878902655194,0,0,0;;
4037771705,-47.228425061152,0,0,0;;;4037771462,-57.5242666531625,0,0,0;;
4037771705,-47.2801929518646,0,0,0;;;4037771462,-57.6613841497432,0,0,0;;
4037771705,-47.3381481243439,0,0,0;;;4037771462,-57.8099802828078,0,0,0;;
4037771705,-47.3910991669564,0,0,0;;;4037771462,-57.9447132161871,0,0,0;;
4037771705,-47.4518678556013,0,0,0;;;4037771462,-58.0806111982221,0,0,0;;
4037771705,-47.5091074207467,0,0,0;;;4037771462,-58.2110264087667,0,0,0;;
4037771705,-47.5723946606867,0,0,0;;;4037771462,-58.3568381491488,0,0,0;;
4037771705,-47.6325463771721,0,0,0;;;4037771462,-58.4860505845112,0,0,0;;
4037771705,-47.698868636328,0,0,0;;;4037771462,-58.6113942315608,0,0,0;;
4037771705,-47.760619455046,0,0,0;;;4037771462,-58.7393112137182,0,0,0;;
4037771705,-47.8292424857302,0,0,0;;;4037771462,-58.8763351806278,0,0,0;;
4037771705,-47.8935078198659,0,0,0;;;4037771462,-59.0062652476617,0,0,0;;
4037771705,-47.9637947551271,0,0,0;;;4037771462,-59.1315255085286,0,0,0;;
4037771705,-48.0295001933858,0,0,0;;;4037771462,-59.254545267763,0,0,0;;
4037771705,-48.101948800102,0,0,0;;;4037771462,-59.3936449935381,0,0,0;;
4037771705,-48.1694598588615,0,0,0;;;4037771462,-59.5228842696745,0,0,0;;
4037771705,-48.2434453987049,0,0,0;;;4037771462,-59.6447324150992,0,0,0;;
4037771705,-48.3117117436584,0,0,0;;;4037771462,-59.7734671868857,0,0,0;;
4037771705,-48.3883232364798,0,0,0;;;4037771462,-59.9113998743898,0,0,0;;
4037771705,-48.4616557849255,0,0,0;;;4037771462,-60.0361205642425,0,0,0;;
4037771705,-48.5402043503825,0,0,0;;;4037771462,-60.1610933404197,0,0,0;;
4037771705,-48.6132611442899,0,0,0;;;4037771462,-60.2871848626617,0,0,0;;
4037771705,-48.6950223562528,0,0,0;;;4037771462,-60.4237311505591,0,0,0;;
4037771705,-48.7707191134012,0,0,0;;;4037771462,-60.5469949246875,0,0,0;;
4037771705,-48.8532689642654,0,0,0;;;4037771462,-60.6731396277453,0,0,0;;
4037771705,-48.9313725249827,0,0,0;;;4037771462,-60.8028279366872,0,0,0;;
4037771705,-49.0174115739897,0,0,0;;;4037771462,-60.933341756595,0,0,0;;
4037771705,-49.0967671471951,0,0,0;;;4037771462,-61.0565900083967,0,0,0;;
4037771705,-49.182193538849,0,0,0;;;4037771462,-61.1818078315623,0,0,0;;
4037771705,-49.2642241555389,0,0,0;;;4037771462,-61.3048896975369,0,0,0;;
4037771705,-49.3543982441551,0,0,0;;;4037771462,-61.4406126077559,0,0,0;;
4037771705,-49.4382830721035,0,0,0;;;4037771462,-61.565195988822,0,0,0;;
4037771705,-49.5320938758869,0,0,0;;;4037771462,-61.6862025803206,0,0,0;;
4037771705,-49.6182410240781,0,0,0;;;4037771462,-61.8120721157402,0,0,0;;
4037771705,-49.7116610721648,0,0,0;;;4037771462,-61.9442745076937,0,0,0;;
4037771705,-49.8001478193433,0,0,0;;;4037771462,-62.0689858696998,0,0,0;;
4037771705,-49.897972005732,0,0,0;;;4037771462,-62.1930970467536,0,0,0;;
4037771705,-49.9874649101527,0,0,0;;;4037771462,-62.3141050560637,0,0,0;;
4037771705,-50.0845256342527,0,0,0;;;4037771462,-62.4479008197155,0,0,0;;
4037771705,-50.1766925259482,0,0,0;;;4037771462,-62.5697836640708,0,0,0;;
4037771705,-50.2770250558611,0,0,0;;;4037771462,-62.6882829991277,0,0,0;;
4037771705,-50.3696809881522,0,0,0;;;4037771462,-62.8051205946988,0,0,0;;
4037771705,-50.4695277646776,0,0,0;;;4037771462,-62.9390976737353,0,0,0;;
4037771705,-50.5639815932842,0,0,0;;;4037771462,-63.0598675462167,0,0,0;;
4037771705,-50.6675084702586,0,0,0;;;4037771462,-63.1788943744397,0,0,0;;
4037771705,-50.7649234331847,0,0,0;;;4037771462,-63.3015714699292,0,0,0;;
4037771705,-50.8686660029329,0,0,0;;;4037771462,-63.4351257848636,0,0,0;;
4037771705,-50.9669188022009,0,0,0;;;4037771462,-63.5674195709273,0,0,0;;
4037771705,-51.0752077524376,0,0,0;;;4037771462,-63.6905283208734,0,0,0;;
4037771705,-51.1763985633192,0,0,0;;;4037771462,-63.8278616596416,0,0,0;;
4037771705,-51.2881670677757,0,0,0;;;4037771462,-63.9671318465499,0,0,0;;
4037771705,-51.3912468316553,0,0,0;;;4037771462,-64.1018268675937,0,0,0;;
4037771705,-51.5053160468863,0,0,0;;;4037771462,-64.24504050406,0,0,0;;
4037771705,-51.6127219872342,0,0,0;;;4037771462,-64.3790626031811,0,0,0;;
4037771705,-51.7302212643588,0,0,0;;;4037771462,-64.5312730076852,0,0,0;;
4037771705,-51.8410669940718,0,0,0;;;4037771462,-64.6873693548483,0,0,0;;
4037771705,-51.9653281548877,0,0,0;;;4037771462,-64.8409569331292,0,0,0;;
4037771705,-52.0815134817149,0,0,0;;;4037771462,-65.0006473154039,0,0,0;;
4037771705,-52.2071864688579,0,0,0;;;4037771462,-65.1707539782813,0,0,0;;
4037771705,-52.3268881766574,0,0,0;;;4037771462,-65.3363681873155,0,0,0;;
4037771705,-52.459000951199,0,0,0;;;4037771462,-65.506166713347,0,0,0;;
4037771705,-52.583638707933,0,0,0;;;4037771462,-65.6836183322653,0,0,0;;
4037771705,-52.7222731409197,0,0,0;;;4037771462,-65.8744991524384,0,0,0;;
4037771705,-52.8494172205666,0,0,0;;;4037771462,-66.0655509562814,0,0,0;;
4037771705,-52.9894048680815,0,0,0;;;4037771462,-66.2500283704897,0,0,0;;
4037771705,-53.123663504762,0,0,0;;;4037771462,-66.4503363227602,0,0,0;;
4037771705,-53.2685749528196,0,0,0;;;4037771462,-66.6697060551178,0,0,0;;
4037771705,-53.4062084725693,0,0,0;;;4037771462,-66.8732705595645,0,0,0;;
4037771705,-53.5543983454354,0,0,0;;;4037771462,-67.0855783133403,0,0,0;;
4037771705,-53.6954268971213,0,0,0;;;4037771462,-67.2976684437633,0,0,0;;
4037771705,-53.8481709716443,0,0,0;;;4037771462,-67.5378004020759,0,0,0;;
4037771705,-53.9881561756281,0,0,0;;;4037771462,-67.7592872540661,0,0,0;;
4037771705,-54.1462711985909,0,0,0;;;4037771462,-67.9912797083028,0,0,0;;
4037771705,-54.2929662562604,0,0,0;;;4037771462,-68.2318401041466,0,0,0;;
4037771705,-54.454694730455,0,0,0;;;4037771462,-68.492400579376,0,0,0;;
4037771705,-54.6075701146829,0,0,0;;;4037771462,-68.7404542323075,0,0,0;;
4037771705,-54.7704271596366,0,0,0;;;4037771462,-68.9818693916575,0,0,0;;
4037771705,-54.9231698544355,0,0,0;;;4037771462,-69.2534322033742,0,0,0;;
4037771705,-55.0882069159141,0,0,0;;;4037771462,-69.5445081207303,0,0,0;;
4037771705,-55.2438112930771,0,0,0;;;4037771462,-69.7970362920917,0,0,0;;
4037771705,-55.4094424023641,0,0,0;;;4037771462,-70.0674547706629,0,0,0;;
4037771705,-55.5654970680173,0,0,0;;;4037771462,-70.328048244757,0,0,0;;
4037771705,-55.7365982459139,0,0,0;;;4037771462,-70.6233347990083,0,0,0;;
4037771705,-55.8937714295317,0,0,0;;;4037771462,-70.8840840927101,0,0,0;;
4037771705,-56.0646472550082,0,0,0;;;4037771462,-71.1375099819155,0,0,0;;
4037771705,-56.2224756686034,0,0,0;;;4037771462,-71.3865154647502,0,0,0;;