id,AZ,non,non,non,EL,non,non,non,non;;;
4037771562,-79.9169779055426,0,0,0;;;4037771400,-81.2478905553776,0,0,0
4037771562,-79.9244012145662,0,0,0;;;4037771400,-81.4028589149117,0,0,0
4037771562,-80.0666630569595,0,0,0;;;4037771400,-81.3379524299324,0,0,0
4037771562,-80.2330693665916,0,0,0;;;4037771400,-81.3624156872972,0,0,0
4037771562,-80.6011484120773,0,0,0;;;4037771400,-81.512125992041,0,0,0
4037771562,-81.4435320003494,0,0,0;;;4037771400,-81.7213452699268,0,0,0
4037771562,-82.2445211574261,0,0,0;;;4037771400,-81.903461971355,0,0,0
4037771562,-83.5806281307207,0,0,0;;;4037771400,-82.6309066983367,0,0,0
4037771562,-85.2375329581091,0,0,0;;;4037771400,-82.9174110775228,0,0,0
4037771562,-87.2148981892761,0,0,0;;;4037771400,-83.0441512721321,0,0,0
4037771562,-90.0649857155486,0,0,0;;;4037771400,-83.741215354565,0,0,0
4037771562,-92.6819103936225,0,0,0;;;4037771400,-84.3943164000357,0,0,0
4037771562,-91.2114803094854,0,0,0;;;4037771400,-85.0651617336422,0,0,0
4037771562,-88.82176238686,0,0,0;;;4037771400,-85.9863217349897,0,0,0
4037771562,-86.781771184378,0,0,0;;;4037771400,-86.4707483546061,0,0,0
4037771562,-85.1942855146962,0,0,0;;;4037771400,-86.9125215168422,0,0,0
4037771562,-84.0812601524822,0,0,0;;;4037771400,-87.3320086168674,0,0,0
4037771562,-83.5919489399324,0,0,0;;;4037771400,-87.4910423305316,0,0,0
4037771562,-83.1736039916671,0,0,0;;;4037771400,-87.1758344422245,0,0,0
4037771562,-83.1090712364657,0,0,0;;;4037771400,-86.7556003826601,0,0,0
4037771562,-83.2114707077339,0,0,0;;;4037771400,-86.7878350495179,0,0,0
4037771562,-83.2132780089551,0,0,0;;;4037771400,-86.7021403607629,0,0,0
4037771562,-83.6945057322297,0,0,0;;;4037771400,-87.1477383813752,0,0,0
4037771562,-84.1978915145413,0,0,0;;;4037771400,-87.1927358056985,0,0,0
4037771562,-85.2695378515204,0,0,0;;;4037771400,-87.4531889131637,0,0,0
4037771562,-86.0677829419055,0,0,0;;;4037771400,-88.023550631667,0,0,0
4037771562,-87.4471938895515,0,0,0;;;4037771400,-88.1643045341002,0,0,0
4037771562,-89.0735956311922,0,0,0;;;4037771400,-88.8736167134746,0,0,0
4037771562,-90.426442346751,0,0,0;;;4037771400,-89.6572725311915,0,0,0
4037771562,-88.6985319348706,0,0,0;;;4037771400,-90.3833071243805,0,0,0
4037771562,-87.2695085290373,0,0,0;;;4037771400,-90.8088235350385,0,0,0
4037771562,-85.8741206700488,0,0,0;;;4037771400,-90.7789457525236,0,0,0
4037771562,-84.4463700772418,0,0,0;;;4037771400,-89.6497863082432,0,0,0
4037771562,-83.2386197910104,0,0,0;;;4037771400,-88.4593677393512,0,0,0
4037771562,-82.1800914534673,0,0,0;;;4037771400,-87.2238073139607,0,0,0
4037771562,-81.5249998435073,0,0,0;;;4037771400,-85.7754064323318,0,0,0
4037771562,-80.8426459446217,0,0,0;;;4037771400,-84.6283008775897,0,0,0
4037771562,-80.3401764792286,0,0,0;;;4037771400,-83.7090593675237,0,0,0
4037771562,-80.0767343845759,0,0,0;;;4037771400,-82.625905226238,0,0,0
4037771562,-79.9566424009304,0,0,0;;;4037771400,-81.7952489267929,0,0,0
4037771562,-79.9231635557385,0,0,0;;;4037771400,-81.3797254456885,0,0,0
4037771562,-79.9491914979317,0,0,0;;;4037771400,-80.7719460360916,0,0,0
4037771562,-80.1564568334018,0,0,0;;;4037771400,-80.0762378838675,0,0,0
4037771562,-80.4565129328399,0,0,0;;;4037771400,-79.6376408369208,0,0,0
4037771562,-80.7795902075296,0,0,0;;;4037771400,-79.1808073208028,0,0,0
4037771562,-81.4229161637775,0,0,0;;;4037771400,-78.9212934757486,0,0,0
4037771562,-82.0352702244632,0,0,0;;;4037771400,-78.6978913564626,0,0,0
4037771562,-82.5204693832512,0,0,0;;;4037771400,-78.4100559619537,0,0,0
4037771562,-82.3879715959573,0,0,0;;;4037771400,-78.2756960516799,0,0,0
4037771562,-82.1720712408586,0,0,0;;;4037771400,-78.2353878889045,0,0,0
4037771562,-81.5116163437283,0,0,0;;;4037771400,-78.0444706028577,0,0,0
4037771562,-80.7782245016088,0,0,0;;;4037771400,-78.0189368481828,0,0,0
4037771562,-80.1615433657999,0,0,0;;;4037771400,-77.9758961447545,0,0,0
4037771562,-79.4569619151915,0,0,0;;;4037771400,-77.9427828851965,0,0,0
4037771562,-79.0457797548774,0,0,0;;;4037771400,-78.0130550875801,0,0,0
4037771562,-78.6563942269174,0,0,0;;;4037771400,-78.1593139237912,0,0,0
4037771562,-78.345419085513,0,0,0;;;4037771400,-78.4080046211783,0,0,0
4037771562,-78.0891705702545,0,0,0;;;4037771400,-78.5538242667614,0,0,0
4037771562,-78.0811582183338,0,0,0;;;4037771400,-78.8379204219969,0,0,0
4037771562,-78.1424399053287,0,0,0;;;4037771400,-79.170724383163,0,0,0
4037771562,-78.1676807973155,0,0,0;;;4037771400,-79.4888701084576,0,0,0
4037771562,-78.2367094426772,0,0,0;;;4037771400,-79.9271572531122,0,0,0
4037771562,-78.4158806106467,0,0,0;;;4037771400,-80.3848771358146,0,0,0
4037771562,-78.6756688466108,0,0,0;;;4037771400,-81.026045381871,0,0,0
4037771562,-78.8949580924325,0,0,0;;;4037771400,-81.9341894806735,0,0,0
4037771562,-79.3265809052446,0,0,0;;;4037771400,-82.7602734034722,0,0,0
4037771562,-79.7455443361816,0,0,0;;;4037771400,-83.750695697831,0,0,0
4037771562,-80.1196682871687,0,0,0;;;4037771400,-84.6556282392636,0,0,0
4037771562,-80.5998104746689,0,0,0;;;4037771400,-85.8741655315323,0,0,0
4037771562,-81.3540615591574,0,0,0;;;4037771400,-86.7959124428199,0,0,0
4037771562,-82.0827471922892,0,0,0;;;4037771400,-87.5525407945889,0,0,0
4037771562,-82.8799485564488,0,0,0;;;4037771400,-87.6887928376985,0,0,0
4037771562,-83.7847645176581,0,0,0;;;4037771400,-87.5144190030455,0,0,0
4037771562,-84.7387163579883,0,0,0;;;4037771400,-86.8093914797242,0,0,0
4037771562,-85.7983356188368,0,0,0;;;4037771400,-86.0503609108223,0,0,0
4037771562,-86.7572732030042,0,0,0;;;4037771400,-85.2570735889879,0,0,0
4037771562,-87.8723778481166,0,0,0;;;4037771400,-84.3393293417808,0,0,0
4037771562,-88.688341214533,0,0,0;;;4037771400,-83.5871961930044,0,0,0
4037771562,-89.3292932680802,0,0,0;;;4037771400,-82.6777265075077,0,0,0
4037771562,-90.0371844904119,0,0,0;;;4037771400,-81.9665707861337,0,0,0
4037771562,-90.0371844904119,0,0,0;;;4037771400,-81.3422644718734,0,0,0
4037771562,-89.7371037260531,0,0,0;;;4037771400,-80.7048887306051,0,0,0
4037771562,-89.1627739262397,0,0,0;;;4037771400,-80.2761101548525,0,0,0
4037771562,-88.3749417892282,0,0,0;;;4037771400,-79.9675625075442,0,0,0
4037771562,-87.3535287970934,0,0,0;;;4037771400,-79.669600401491,0,0,0
4037771562,-86.2890104738169,0,0,0;;;4037771400,-79.5401247524667,0,0,0
4037771562,-85.1988277501968,0,0,0;;;4037771400,-79.2743503087223,0,0,0
4037771562,-84.093253098313,0,0,0;;;4037771400,-79.155063041431,0,0,0
4037771562,-82.8556304813835,0,0,0;;;4037771400,-79.1004696610563,0,0,0
4037771562,-81.804775001958,0,0,0;;;4037771400,-79.1684853189918,0,0,0
4037771562,-80.7768590103879,0,0,0;;;4037771400,-79.1696047789286,0,0,0
4037771562,-79.8051619665447,0,0,0;;;4037771400,-79.2100017288173,0,0,0
4037771562,-79.0145134217182,0,0,0;;;4037771400,-79.2596322961685,0,0,0
4037771562,-78.4065219354036,0,0,0;;;4037771400,-79.2596322961685,0,0,0
4037771562,-78.0322431836148,0,0,0;;;4037771400,-79.1126954834227,0,0,0
4037771562,-77.4434373442267,0,0,0;;;4037771400,-79.0021794605441,0,0,0
4037771562,-76.6212936596559,0,0,0;;;4037771400,-78.7842074956609,0,0,0
4037771562,-75.8369746691407,0,0,0;;;4037771400,-78.5663482311609,0,0,0
4037771562,-75.6020519762322,0,0,0;;;4037771400,-78.2504815378105,0,0,0
4037771562,-75.5960339517326,0,0,0;;;4037771400,-77.9876133828483,0,0,0
4037771562,-75.809956682787,0,0,0;;;4037771400,-77.9262734746083,0,0,0
4037771562,-75.7225334030535,0,0,0;;;4037771400,-77.8211581725841,0,0,0
4037771562,-75.6579172623095,0,0,0;;;4037771400,-77.7657395148627,0,0,0
4037771562,-75.5960339517326,0,0,0;;;4037771400,-77.7391117051142,0,0,0
4037771562,-75.6768721616747,0,0,0;;;4037771400,-77.7962715909452,0,0,0
4037771562,-76.0008716047283,0,0,0;;;4037771400,-77.8470776237618,0,0,0
4037771562,-76.4702965560705,0,0,0;;;4037771400,-78.0661348703143,0,0,0
4037771562,-77.0862391926164,0,0,0;;;4037771400,-78.307064046953,0,0,0
4037771562,-77.7482532863729,0,0,0;;;4037771400,-78.6545252806082,0,0,0
4037771562,-78.7791954809961,0,0,0;;;4037771400,-79.147242947338,0,0,0
4037771562,-79.468698812644,0,0,0;;;4037771400,-79.6116863765852,0,0,0
4037771562,-80.5053398491129,0,0,0;;;4037771400,-80.1561373961506,0,0,0
4037771562,-81.5413855088055,0,0,0;;;4037771400,-80.9268006214592,0,0,0
4037771562,-82.6974977182904,0,0,0;;;4037771400,-81.4507671690867,0,0,0
4037771562,-83.5938371768177,0,0,0;;;4037771400,-82.0503955883499,0,0,0
4037771562,-84.2527242943094,0,0,0;;;4037771400,-82.5893154982112,0,0,0
4037771562,-83.9445184771197,0,0,0;;;4037771400,-83.3412401480732,0,0,0
4037771562,-83.2858801630392,0,0,0;;;4037771400,-83.5871961930044,0,0,0
4037771562,-82.3879715959573,0,0,0;;;4037771400,-83.5463344535715,0,0,0
4037771562,-81.3074922143916,0,0,0;;;4037771400,-83.4706922008409,0,0,0
4037771562,-80.2369177891792,0,0,0;;;4037771400,-83.1568080214906,0,0,0
4037771562,-79.2712969285672,0,0,0;;;4037771400,-82.8538722578839,0,0,0
4037771562,-78.5680659920893,0,0,0;;;4037771400,-82.2939929072942,0,0,0
4037771562,-77.9994549545564,0,0,0;;;4037771400,-81.9372682187254,0,0,0
4037771562,-77.5069234650277,0,0,0;;;4037771400,-81.6644620323731,0,0,0
4037771562,-77.214848108611,0,0,0;;;4037771400,-81.3379524299324,0,0,0
4037771562,-76.9603866435822,0,0,0;;;4037771400,-81.1138246094021,0,0,0
4037771562,-76.8094831786828,0,0,0;;;4037771400,-80.9240599447344,0,0,0
4037771562,-76.6187554101819,0,0,0;;;4037771400,-80.9144743805475,0,0,0
4037771562,-76.6119903689886,0,0,0;;;4037771400,-80.9172120339113,0,0,0
4037771562,-76.7302891464294,0,0,0;;;4037771400,-80.988695583879,0,0,0
4037771562,-77.1597538958271,0,0,0;;;4037771400,-81.2763805838332,0,0,0
4037771562,-77.7714066683633,0,0,0;;;4037771400,-81.5591682443598,0,0,0
4037771562,-78.6296946803867,0,0,0;;;4037771400,-81.7408911610371,0,0,0
4037771562,-79.7795614311841,0,0,0;;;4037771400,-81.6049846818453,0,0,0
4037771562,-81.3686658326914,0,0,0;;;4037771400,-81.5931379291598,0,0,0
4037771562,-83.7539327084221,0,0,0;;;4037771400,-81.2663984406452,0,0,0
4037771562,-86.8090724472701,0,0,0;;;4037771400,-80.7854198457244,0,0,0
4037771562,-89.1305641626118,0,0,0;;;4037771400,-80.3143431692859,0,0,0
4037771562,-86.468563417809,0,0,0;;;4037771400,-79.6826547537254,0,0,0
4037771562,-83.6830505513566,0,0,0;;;4037771400,-79.143893632526,0,0,0
4037771562,-81.6373383162786,0,0,0;;;4037771400,-78.6682520723412,0,0,0
4037771562,-79.7540361284036,0,0,0;;;4037771400,-78.1972676214181,0,0,0
4037771562,-78.3733280730171,0,0,0;;;4037771400,-77.8904493332437,0,0,0
4037771562,-77.4350694344869,0,0,0;;;4037771400,-77.6832689183831,0,0,0
4037771562,-76.7029117813933,0,0,0;;;4037771400,-77.6193499571959,0,0,0
4037771562,-76.2396986964194,0,0,0;;;4037771400,-77.6936530937334,0,0,0
4037771562,-76.0744544583787,0,0,0;;;4037771400,-77.6804390238191,0,0,0
4037771562,-76.0768385086146,0,0,0;;;4037771400,-77.8288299497436,0,0,0
4037771562,-76.0158540780866,0,0,0;;;4037771400,-78.2002710411015,0,0,0
4037771562,-76.0348163225135,0,0,0;;;4037771400,-78.5184374527695,0,0,0
4037771562,-76.2445590684584,0,0,0;;;4037771400,-79.0484250365819,0,0,0
4037771562,-76.4761198708626,0,0,0;;;4037771400,-79.5834605916336,0,0,0
4037771562,-76.866744407501,0,0,0;;;4037771400,-80.301580122925,0,0,0
4037771562,-77.4211408079645,0,0,0;;;4037771400,-81.0218874643009,0,0,0
4037771562,-78.2418067958974,0,0,0;;;4037771400,-81.8058581110584,0,0,0
4037771562,-79.1958514695483,0,0,0;;;4037771400,-82.7721301189378,0,0,0
4037771562,-80.34147501259,0,0,0;;;4037771400,-83.8941567266915,0,0,0
4037771562,-81.6162578768885,0,0,0;;;4037771400,-84.4599402438694,0,0,0
4037771562,-83.5017929347965,0,0,0;;;4037771400,-84.946790680105,0,0,0
4037771562,-86.2376525140603,0,0,0;;;4037771400,-84.7041882737844,0,0,0
4037771562,-90.0490884068087,0,0,0;;;4037771400,-84.4270663467431,0,0,0
4037771562,-95.9064481843706,0,0,0;;;4037771400,-84.0400270880107,0,0,0
4037771562,-91.7209119127852,0,0,0;;;4037771400,-83.5019761592033,0,0,0
4037771562,-87.5329592440182,0,0,0;;;4037771400,-82.7687408340882,0,0,0
4037771562,-84.3944456660441,0,0,0;;;4037771400,-82.4395834408558,0,0,0
4037771562,-82.0305367695024,0,0,0;;;4037771400,-81.9218854295493,0,0,0
4037771562,-80.5557737605766,0,0,0;;;4037771400,-81.834719960476,0,0,0
4037771562,-79.6311120174096,0,0,0;;;4037771400,-81.6316991007654,0,0,0
4037771562,-78.8587531192024,0,0,0;;;4037771400,-81.6614784721418,0,0,0
4037771562,-78.3578120102308,0,0,0;;;4037771400,-81.7997941334053,0,0,0
4037771562,-78.0412069508067,0,0,0;;;4037771400,-81.8195175593989,0,0,0
4037771562,-77.9322791297743,0,0,0;;;4037771400,-82.0879123120795,0,0,0
4037771562,-77.9875625828364,0,0,0;;;4037771400,-82.2221026617535,0,0,0
4037771562,-78.148491033333,0,0,0;;;4037771400,-82.5001524606251,0,0,0
4037771562,-78.4513268877329,0,0,0;;;4037771400,-82.585996789741,0,0,0
4037771562,-79.1131604506957,0,0,0;;;4037771400,-82.3100496447221,0,0,0
4037771562,-79.9491914979317,0,0,0;;;4037771400,-82.1444929929236,0,0,0
4037771562,-80.9186445093416,0,0,0;;;4037771400,-81.8013097309729,0,0,0
4037771562,-82.3567981769419,0,0,0;;;4037771400,-81.1474990480451,0,0,0
4037771562,-84.2997082897917,0,0,0;;;4037771400,-80.8912390993672,0,0,0
4037771562,-86.2890104738169,0,0,0;;;4037771400,-80.6145137288546,0,0,0
4037771562,-88.9153463010219,0,0,0;;;4037771400,-80.2824706484276,0,0,0
4037771562,-91.1978731688883,0,0,0;;;4037771400,-80.0762378838675,0,0,0
4037771562,-91.3303104346712,0,0,0;;;4037771400,-79.9479486068649,0,0,0
4037771562,-89.1448648690949,0,0,0;;;4037771400,-79.983531478991,0,0,0
4037771562,-88.107315258426,0,0,0;;;4037771400,-80.0526585147472,0,0,0
4037771562,-86.2941630111995,0,0,0;;;4037771400,-80.5224525635083,0,0,0
4037771562,-86.0102271387757,0,0,0;;;4037771400,-81.030205290781,0,0,0
4037771562,-85.7619014645846,0,0,0;;;4037771400,-81.504798600314,0,0,0
4037771562,-85.6129075892685,0,0,0;;;4037771400,-82.2380269299191,0,0,0
4037771562,-85.5724969734524,0,0,0;;;4037771400,-83.3884215302686,0,0,0
4037771562,-85.9853213449714,0,0,0;;;4037771400,-84.670378661893,0,0,0
4037771562,-86.0377062488443,0,0,0;;;4037771400,-86.0602551333224,0,0,0
4037771562,-86.1030045556816,0,0,0;;;4037771400,-88.0173475322153,0,0,0
4037771562,-87.1151902602255,0,0,0;;;4037771400,-89.9041552754353,0,0,0
4037771562,-88.0946235452812,0,0,0;;;4037771400,-91.9640826778511,0,0,0
4037771562,-87.4560269984192,0,0,0;;;4037771400,-94.195948173773,0,0,0
4037771562,-86.5080927167902,0,0,0;;;4037771400,-95.1142559161749,0,0,0
4037771562,-85.4336891741379,0,0,0;;;4037771400,-96.0157685758899,0,0,0
4037771562,-84.3161103050763,0,0,0;;;4037771400,-95.6125857337221,0,0,0
4037771562,-83.5881736971747,0,0,0;;;4037771400,-95.4214369865691,0,0,0
4037771562,-82.6465489576558,0,0,0;;;4037771400,-95.1847300523869,0,0,0
4037771562,-81.9348451265742,0,0,0;;;4037771400,-94.6963209889806,0,0,0
4037771562,-81.0811463376534,0,0,0;;;4037771400,-92.7668210081072,0,0,0
4037771562,-80.9701475314921,0,0,0;;;4037771400,-92.1217882688138,0,0,0
4037771562,-80.7768590103879,0,0,0;;;4037771400,-90.5187063508068,0,0,0
4037771562,-80.1780951980286,0,0,0;;;4037771400,-89.7136258190763,0,0,0
4037771562,-79.9566424009304,0,0,0;;;4037771400,-89.060380046656,0,0,0
4037771562,-80.0440451760438,0,0,0;;;4037771400,-88.4626306581116,0,0,0
4037771562,-80.7700347724206,0,0,0;;;4037771400,-88.3041718359548,0,0,0
4037771562,-82.1800914534673,0,0,0;;;4037771400,-88.2881639257141,0,0,0
4037771562,-83.2241297204819,0,0,0;;;4037771400,-88.5974767875148,0,0,0
4037771562,-84.6935891702847,0,0,0;;;4037771400,-89.2476745902031,0,0,0
4037771562,-87.0110146462674,0,0,0;;;4037771400,-90.5269805973369,0,0,0
4037771562,-90.1168538372014,0,0,0;;;4037771400,-92.0327268143673,0,0,0
4037771562,-95.3480659194118,0,0,0;;;4037771400,-94.6429717870202,0,0,0
4037771562,-98.2852555031934,0,0,0;;;4037771400,-98.4537618774195,0,0,0
4037771562,-96.6547833071081,0,0,0;;;4037771400,-97.875485725176,0,0,0
4037771562,-90.5770322140256,0,0,0;;;4037771400,-93.1165989616629,0,0,0
4037771562,-88.637566188972,0,0,0;;;4037771400,-89.6985624905439,0,0,0
4037771562,-87.249348961809,0,0,0;;;4037771400,-87.3981597517336,0,0,0
4037771562,-85.5986235411464,0,0,0;;;4037771400,-85.7204927085571,0,0,0
4037771562,-85.5559117999828,0,0,0;;;4037771400,-84.1624907783972,0,0,0
4037771562,-84.3944456660441,0,0,0;;;4037771400,-83.4139334451652,0,0,0
4037771562,-83.1700062326271,0,0,0;;;4037771400,-82.8401950348818,0,0,0
4037771562,-82.9410432893072,0,0,0;;;4037771400,-82.3454792983766,0,0,0
4037771562,-82.5908483474066,0,0,0;;;4037771400,-81.9372682187254,0,0,0
4037771562,-82.4904806676488,0,0,0;;;4037771400,-81.8119263251821,0,0,0
4037771562,-82.0637252528212,0,0,0;;;4037771400,-81.807374767189,0,0,0
4037771562,-82.5321596806256,0,0,0;;;4037771400,-81.8210366027113,0,0,0
4037771562,-83.1646123866839,0,0,0;;;4037771400,-81.7997941334053,0,0,0
4037771562,-82.7470338996535,0,0,0;;;4037771400,-81.8697867909171,0,0,0
4037771562,-82.0922738065022,0,0,0;;;4037771400,-82.0644453769529,0,0,0
4037771562,-81.3263809079002,0,0,0;;;4037771400,-82.0177008585119,0,0,0
4037771562,-81.2323455413298,0,0,0;;;4037771400,-81.7303609852641,0,0,0
4037771562,-80.759127131539,0,0,0;;;4037771400,-81.2735273721337,0,0,0
4037771562,-80.6413826674728,0,0,0;;;4037771400,-80.5591600228449,0,0,0
4037771562,-80.7197013635032,0,0,0;;;4037771400,-79.8675061998485,0,0,0
4037771562,-81.0374205910759,0,0,0;;;4037771400,-79.089370190326,0,0,0
4037771562,-80.4921162953096,0,0,0;;;4037771400,-78.2042772168488,0,0,0
4037771562,-80.79873267178,0,0,0;;;4037771400,-77.442288871851,0,0,0
4037771562,-82.0163518622049,0,0,0;;;4037771400,-76.6860970807842,0,0,0
4037771562,-82.3175804729709,0,0,0;;;4037771400,-76.0880943941694,0,0,0
4037771562,-81.146438077949,0,0,0;;;4037771400,-75.4582362552474,0,0,0
4037771562,-80.6926150715349,0,0,0;;;4037771400,-74.9788000222208,0,0,0
4037771562,-80.2793633583278,0,0,0;;;4037771400,-74.6240450173174,0,0,0
4037771562,-80.7075020782983,0,0,0;;;4037771400,-74.4305216097707,0,0,0
4037771562,-79.2449308714108,0,0,0;;;4037771400,-74.3036475323182,0,0,0
4037771562,-78.9423618469034,0,0,0;;;4037771400,-74.2851261429838,0,0,0
4037771562,-79.2678533354319,0,0,0;;;4037771400,-74.3299005176681,0,0,0
4037771562,-79.2586770893351,0,0,0;;;4037771400,-74.5172377873039,0,0,0
4037771562,-79.2862349617894,0,0,0;;;4037771400,-74.7469716310858,0,0,0
4037771562,-79.8381882026765,0,0,0;;;4037771400,-75.1561190970658,0,0,0
4037771562,-79.5976702559392,0,0,0;;;4037771400,-75.6913639269683,0,0,0
4037771562,-79.1233127903895,0,0,0;;;4037771400,-76.3616694960498,0,0,0
4037771562,-79.5679199540841,0,0,0;;;4037771400,-77.2382363505147,0,0,0
4037771562,-80.7550402950592,0,0,0;;;4037771400,-78.3050368832497,0,0,0
4037771562,-81.7694976337272,0,0,0;;;4037771400,-79.6838424864823,0,0,0
4037771562,-83.198830117672,0,0,0;;;4037771400,-81.1657940265027,0,0,0
4037771562,-84.1978915145413,0,0,0;;;4037771400,-82.9536814985707,0,0,0
4037771562,-87.1293643652607,0,0,0;;;4037771400,-84.7807445355637,0,0,0
4037771562,-91.2069422270216,0,0,0;;;4037771400,-86.2554800037532,0,0,0
4037771562,-91.5966549763448,0,0,0;;;4037771400,-86.7368519241116,0,0,0
4037771562,-91.2981574484755,0,0,0;;;4037771400,-86.2276810897078,0,0,0
4037771562,-88.8840394963072,0,0,0;;;4037771400,-85.557804351817,0,0,0
4037771562,-87.126527693244,0,0,0;;;4037771400,-85.3523618281255,0,0,0
4037771562,-84.7970836807143,0,0,0;;;4037771400,-85.3182101865999,0,0,0
4037771562,-84.494416246329,0,0,0;;;4037771400,-85.4926453296047,0,0,0
4037771562,-84.384097928773,0,0,0;;;4037771400,-86.2453610107485,0,0,0
4037771562,-84.6061537461842,0,0,0;;;4037771400,-87.0003278145692,0,0,0
4037771562,-87.0390472335754,0,0,0;;;4037771400,-87.8850413062113,0,0,0
4037771562,-93.3465152171715,0,0,0;;;4037771400,-87.4531889131637,0,0,0
4037771562,-89.7179718028156,0,0,0;;;4037771400,-85.9032843395433,0,0,0
4037771562,-86.2044319483232,0,0,0;;;4037771400,-83.8269132726586,0,0,0
4037771562,-83.5411210921969,0,0,0;;;4037771400,-82.0301414867428,0,0,0
4037771562,-81.0656055420276,0,0,0;;;4037771400,-80.5631021815985,0,0,0
4037771562,-78.6670970680696,0,0,0;;;4037771400,-79.2675542807524,0,0,0
4037771562,-77.2830693958429,0,0,0;;;4037771400,-78.3660585472956,0,0,0
4037771562,-76.5505015606502,0,0,0;;;4037771400,-77.6315334470328,0,0,0
4037771562,-75.773807085492,0,0,0;;;4037771400,-77.1517245669671,0,0,0
4037771562,-75.5114717667172,0,0,0;;;4037771400,-76.9274583901895,0,0,0
4037771562,-75.5802564469707,0,0,0;;;4037771400,-76.9257289084498,0,0,0
4037771562,-75.7699702227924,0,0,0;;;4037771400,-77.0126276337438,0,0,0
4037771562,-76.1270553179567,0,0,0;;;4037771400,-77.269664704594,0,0,0
4037771562,-76.4321258786053,0,0,0;;;4037771400,-77.7514644656794,0,0,0
4037771562,-77.0000724709433,0,0,0;;;4037771400,-78.6208283882006,0,0,0
4037771562,-78.5448035066969,0,0,0;;;4037771400,-79.6553816307478,0,0,0
4037771562,-80.2459040784032,0,0,0;;;4037771400,-81.0315923699341,0,0,0
4037771562,-82.8851684422057,0,0,0;;;4037771400,-82.8316576942711,0,0,0
4037771562,-87.3593533670606,0,0,0;;;4037771400,-84.6220067543882,0,0,0
4037771562,-88.5202328195279,0,0,0;;;4037771400,-86.478536062514,0,0,0
4037771562,-84.8318577129508,0,0,0;;;4037771400,-86.6120067127364,0,0,0
4037771562,-81.8525505977062,0,0,0;;;4037771400,-85.2300392847992,0,0,0
4037771562,-79.4710480964876,0,0,0;;;4037771400,-83.8518286836737,0,0,0
4037771562,-77.9984633014399,0,0,0;;;4037771400,-82.6844357013437,0,0,0
4037771562,-76.9533503293799,0,0,0;;;4037771400,-81.9882255840891,0,0,0
4037771562,-76.1430580669688,0,0,0;;;4037771400,-81.6316991007654,0,0,0
4037771562,-75.4654222204398,0,0,0;;;4037771400,-81.4945506255088,0,0,0
4037771562,-75.0073288618066,0,0,0;;;4037771400,-81.5473837742906,0,0,0
4037771562,-74.8713693930389,0,0,0;;;4037771400,-81.8438541893133,0,0,0
4037771562,-74.9918829076059,0,0,0;;;4037771400,-82.4673600115263,0,0,0
4037771562,-75.6806681103576,0,0,0;;;4037771400,-83.2781287769267,0,0,0
4037771562,-76.3686045106746,0,0,0;;;4037771400,-84.2907424882951,0,0,0
4037771562,-76.9471982267787,0,0,0;;;4037771400,-86.0010581552722,0,0,0
4037771562,-77.6201024111136,0,0,0;;;4037771400,-87.0030861155254,0,0,0
4037771562,-79.2072405613762,0,0,0;;;4037771400,-87.1421300585731,0,0,0
4037771562,-81.1208306540316,0,0,0;;;4037771400,-86.4035457784608,0,0,0
4037771562,-82.6974977182904,0,0,0;;;4037771400,-85.140527843256,0,0,0
4037771562,-84.7819137099255,0,0,0;;;4037771400,-83.9735954858821,0,0,0
4037771562,-86.3148037804865,0,0,0;;;4037771400,-83.0266799001786,0,0,0
4037771562,-83.4125631072438,0,0,0;;;4037771400,-82.1935123436322,0,0,0
4037771562,-81.8479156511511,0,0,0;;;4037771400,-81.5694927875124,0,0,0
4037771562,-80.0540902970917,0,0,0;;;4037771400,-81.3264641060117,0,0,0
4037771562,-78.7618551253449,0,0,0;;;4037771400,-81.0246591881818,0,0,0
4037771562,-77.8334524633994,0,0,0;;;4037771400,-80.9997454568974,0,0,0
4037771562,-77.1282995275333,0,0,0;;;4037771400,-81.1012302771259,0,0,0
4037771562,-76.6272191279167,0,0,0;;;4037771400,-80.9983634537699,0,0,0
4037771562,-76.4172350693498,0,0,0;;;4037771400,-81.289231647618,0,0,0
4037771562,-76.3161587702398,0,0,0;;;4037771400,-81.6584959363968,0,0,0
4037771562,-76.0712767422824,0,0,0;;;4037771400,-82.0957487341539,0,0,0
4037771562,-76.0919527081534,0,0,0;;;4037771400,-82.6175758339253,0,0,0
4037771562,-76.2348410425828,0,0,0;;;4037771400,-83.1055793190944,0,0,0
4037771562,-76.6153722309627,0,0,0;;;4037771400,-83.750695697831,0,0,0
4037771562,-76.9709518139748,0,0,0;;;4037771400,-84.6451075383188,0,0,0
4037771562,-78.0024305933789,0,0,0;;;4037771400,-85.3341309104777,0,0,0
4037771562,-78.5258167952097,0,0,0;;;4037771400,-86.2960742748706,0,0,0
4037771562,-80.2164125440663,0,0,0;;;4037771400,-87.2068454410917,0,0,0
4037771562,-81.9068085177279,0,0,0;;;4037771400,-88.3943654555273,0,0,0
4037771562,-83.0379260479747,0,0,0;;;4037771400,-89.9621387326729,0,0,0
4037771562,-84.093253098313,0,0,0;;;4037771400,-91.6193782796645,0,0,0
4037771562,-82.7350509991589,0,0,0;;;4037771400,-94.0892559913717,0,0,0
4037771562,-82.1177293122588,0,0,0;;;4037771400,-96.8486850077065,0,0,0
4037771562,-81.70392617512,0,0,0;;;4037771400,-95.5459417522684,0,0,0
4037771562,-81.1094737647607,0,0,0;;;4037771400,-91.8911324480474,0,0,0
4037771562,-81.0995486530921,0,0,0;;;4037771400,-88.614065581018,0,0,0
4037771562,-81.7802190647246,0,0,0;;;4037771400,-85.8162191452999,0,0,0
4037771562,-81.8819628345297,0,0,0;;;4037771400,-83.6883158088112,0,0,0
4037771562,-81.894376792356,0,0,0;;;4037771400,-81.7439021289633,0,0,0
4037771562,-82.7384729984696,0,0,0;;;4037771400,-80.0638197108493,0,0,0
4037771562,-84.2262801133929,0,0,0;;;4037771400,-78.7276321265606,0,0,0
4037771562,-85.6774781014543,0,0,0;;;4037771400,-77.6071835329144,0,0,0
4037771562,-88.3194511368172,0,0,0;;;4037771400,-76.6458165677824,0,0,0
4037771562,-90.6108541682257,0,0,0;;;4037771400,-75.8335417783978,0,0,0
4037771562,-88.7496656557695,0,0,0;;;4037771400,-75.1476598442236,0,0,0
4037771562,-86.8474389570183,0,0,0;;;4037771400,-74.6021812103455,0,0,0
4037771562,-83.9248782434535,0,0,0;;;4037771400,-74.3106832312316,0,0,0
4037771562,-82.7470338996535,0,0,0;;;4037771400,-74.1956324437921,0,0,0
4037771562,-82.2364412595057,0,0,0;;;4037771400,-74.1534280960716,0,0,0
4037771562,-81.7771544480789,0,0,0;;;4037771400,-74.1647464466423,0,0,0
4037771562,-81.4627191900201,0,0,0;;;4037771400,-74.4630202058382,0,0,0
4037771562,-81.2886445078984,0,0,0;;;4037771400,-74.8662042155352,0,0,0
4037771562,-81.4553344849008,0,0,0;;;4037771400,-75.436356509924,0,0,0
4037771562,-82.1241048623299,0,0,0;;;4037771400,-76.1653834304458,0,0,0
4037771562,-81.2265918674335,0,0,0;;;4037771400,-77.2006718204831,0,0,0
4037771562,-80.9214206626655,0,0,0;;;4037771400,-78.3538198702685,0,0,0
4037771562,-80.2651917761247,0,0,0;;;4037771400,-79.6767185249281,0,0,0
4037771562,-79.2152218204658,0,0,0;;;4037771400,-81.0886541798931,0,0,0
4037771562,-78.3536790703381,0,0,0;;;4037771400,-82.2109730194717,0,0,0
4037771562,-77.5926153956491,0,0,0;;;4037771400,-82.4968676389397,0,0,0
4037771562,-76.8632632633682,0,0,0;;;4037771400,-81.6525339355532,0,0,0
4037771562,-76.2413185182598,0,0,0;;;4037771400,-80.8898742518411,0,0,0
4037771562,-75.8076447611236,0,0,0;;;4037771400,-80.1498687110935,0,0,0
4037771562,-75.0024112599714,0,0,0;;;4037771400,-79.7243223414903,0,0,0
4037771562,-74.591594353118,0,0,0;;;4037771400,-79.4784233603397,0,0,0
4037771562,-74.2939702303441,0,0,0;;;4037771400,-79.3391791692326,0,0,0
4037771562,-74.2294795332331,0,0,0;;;4037771400,-79.4056458302703,0,0,0
4037771562,-73.8830937423922,0,0,0;;;4037771400,-79.4691478983217,0,0,0
4037771562,-73.5988525881767,0,0,0;;;4037771400,-79.443691332836,0,0,0
4037771562,-73.4677938028311,0,0,0;;;4037771400,-79.1383143095965,0,0,0
4037771562,-73.2223281177215,0,0,0;;;4037771400,-78.7542727119097,0,0,0
4037771562,-73.0019984635088,0,0,0;;;4037771400,-78.2032754996711,0,0,0
4037771562,-72.7566972793352,0,0,0;;;4037771400,-77.526197800093,0,0,0
4037771562,-72.6077619417369,0,0,0;;;4037771400,-76.7833692346305,0,0,0
4037771562,-72.3333374081961,0,0,0;;;4037771400,-76.4039070376601,0,0,0
4037771562,-72.0578057652095,0,0,0;;;4037771400,-76.1203459685507,0,0,0
4037771562,-72.0543037937609,0,0,0;;;4037771400,-75.9432678151726,0,0,0
4037771562,-72.2587645066725,0,0,0;;;4037771400,-75.9316928006157,0,0,0
4037771562,-72.4273324677951,0,0,0;;;4037771400,-76.1014524684367,0,0,0
4037771562,-72.7453162530361,0,0,0;;;4037771400,-76.4709325384908,0,0,0
4037771562,-73.3555162903259,0,0,0;;;4037771400,-77.1526120595231,0,0,0
4037771562,-74.2140727555109,0,0,0;;;4037771400,-78.1573209473268,0,0,0
4037771562,-75.4306756584005,0,0,0;;;4037771400,-79.5928589988676,0,0,0
4037771562,-77.0603883115167,0,0,0;;;4037771400,-81.5783521742266,0,0,0
4037771562,-79.1154155009162,0,0,0;;;4037771400,-84.0341449954802,0,0,0
4037771562,-81.4229161637775,0,0,0;;;4037771400,-86.6968124111169,0,0,0
4037771562,-82.7401845038225,0,0,0;;;4037771400,-86.6994759774175,0,0,0
4037771562,-81.5742498651572,0,0,0;;;4037771400,-84.2464420394093,0,0,0
4037771562,-80.2164125440663,0,0,0;;;4037771400,-82.4821012948577,0,0,0
4037771562,-78.3919840092489,0,0,0;;;4037771400,-81.2166590806834,0,0,0
4037771562,-77.3998268677191,0,0,0;;;4037771400,-80.5002413414399,0,0,0
4037771562,-76.6475657626966,0,0,0;;;4037771400,-80.4404236151887,0,0,0
4037771562,-76.3883535932496,0,0,0;;;4037771400,-80.4845969581252,0,0,0
4037771562,-76.0403547839388,0,0,0;;;4037771400,-80.774639126459,0,0,0
4037771562,-76.0704824948752,0,0,0;;;4037771400,-81.6257554586632,0,0,0
4037771562,-76.3169758043518,0,0,0;;;4037771400,-83.5537495769655,0,0,0
4037771562,-76.2413185182598,0,0,0;;;4037771400,-85.996143236687,0,0,0
4037771562,-76.147063365222,0,0,0;;;4037771400,-90.2499862008792,0,0,0
4037771562,-76.0919527081534,0,0,0;;;4037771400,-90.1900557218303,0,0,0
4037771562,-75.6073211702118,0,0,0;;;4037771400,-86.0800774546069,0,0,0
4037771562,-74.965268057427,0,0,0;;;4037771400,-83.8345719436171,0,0,0
4037771562,-73.9072057726736,0,0,0;;;4037771400,-82.5198875208346,0,0,0
4037771562,-73.0979172379485,0,0,0;;;4037771400,-81.7514341183687,0,0,0
4037771562,-71.9691912493351,0,0,0;;;4037771400,-81.7378812365028,0,0,0
4037771562,-70.8012145719581,0,0,0;;;4037771400,-82.0691336946116,0,0,0
4037771562,-69.931756369301,0,0,0;;;4037771400,-83.0950178955967,0,0,0
4037771562,-68.6661329378018,0,0,0;;;4037771400,-85.8741655315323,0,0,0
4037771562,-67.6712150258094,0,0,0;;;4037771400,-89.3917523641274,0,0,0
4037771562,-66.799370671489,0,0,0;;;4037771400,-82.8795752445964,0,0,0
4037771562,-65.8379791821242,0,0,0;;;4037771400,-78.5402769856354,0,0,0
4037771562,-65.1042731494165,0,0,0;;;4037771400,-75.1174149959108,0,0,0
4037771562,-64.5245280740157,0,0,0;;;4037771400,-72.6871052595291,0,0,0
4037771562,-64.1527625659062,0,0,0;;;4037771400,-70.8579176847471,0,0,0
4037771562,-63.8967718714949,0,0,0;;;4037771400,-69.4997460719491,0,0,0
4037771562,-63.8807518273598,0,0,0;;;4037771400,-68.4494234008822,0,0,0
4037771562,-63.8883674321705,0,0,0;;;4037771400,-67.7050782785719,0,0,0
4037771562,-63.9911451082787,0,0,0;;;4037771400,-67.1377860977372,0,0,0
4037771562,-64.314160944357,0,0,0;;;4037771400,-66.9452079241816,0,0,0
4037771562,-64.8176052588685,0,0,0;;;4037771400,-66.9345268666829,0,0,0
4037771562,-65.5692959385185,0,0,0;;;4037771400,-67.0861058377573,0,0,0
4037771562,-66.7378600486504,0,0,0;;;4037771400,-67.4900210361757,0,0,0
4037771562,-68.571831819657,0,0,0;;;4037771400,-68.2122095775874,0,0,0
4037771562,-71.0823942574069,0,0,0;;;4037771400,-69.5573041605134,0,0,0
4037771562,-74.7750534443941,0,0,0;;;4037771400,-71.4670005461946,0,0,0
4037771562,-74.3824531490603,0,0,0;;;4037771400,-74.1641172623147,0,0,0
4037771562,-70.8821254098211,0,0,0;;;4037771400,-76.591566095807,0,0,0
4037771562,-68.1185947077299,0,0,0;;;4037771400,-73.3371501502031,0,0,0
4037771562,-66.1046433195416,0,0,0;;;4037771400,-70.3153809415234,0,0,0
4037771562,-64.6268666910259,0,0,0;;;4037771400,-67.8986403481002,0,0,0
4037771562,-63.6014887367085,0,0,0;;;4037771400,-66.079705369632,0,0,0
4037771562,-63.0543266507709,0,0,0;;;4037771400,-64.8649882645644,0,0,0
4037771562,-62.718558771647,0,0,0;;;4037771400,-64.0796387096957,0,0,0
4037771562,-62.6797166275527,0,0,0;;;4037771400,-63.5804035443684,0,0,0
4037771562,-62.807283881596,0,0,0;;;4037771400,-63.3592658404862,0,0,0
4037771562,-63.3529388740496,0,0,0;;;4037771400,-63.3579964772934,0,0,0
4037771562,-64.2343065646388,0,0,0;;;4037771400,-63.5031745498965,0,0,0
4037771562,-65.6831209014149,0,0,0;;;4037771400,-64.0297360386871,0,0,0
4037771562,-68.0102211019895,0,0,0;;;4037771400,-65.0056649633313,0,0,0
4037771562,-71.548153457721,0,0,0;;;4037771400,-66.5461927589925,0,0,0
4037771562,-72.696708629374,0,0,0;;;4037771400,-68.7984948533804,0,0,0
4037771562,-68.6438124195087,0,0,0;;;4037771400,-72.2912805444586,0,0,0
4037771562,-65.3257165004232,0,0,0;;;4037771400,-73.7976086382277,0,0,0
4037771562,-63.2359916714895,0,0,0;;;4037771400,-69.7496955079512,0,0,0
4037771562,-61.5223958807705,0,0,0;;;4037771400,-66.4511801322119,0,0,0
4037771562,-60.4448746273637,0,0,0;;;4037771400,-64.0786536022186,0,0,0
4037771562,-59.5947502185045,0,0,0;;;4037771400,-62.4152295878913,0,0,0
4037771562,-59.0535579719323,0,0,0;;;4037771400,-61.244975600634,0,0,0
4037771562,-58.8659272637398,0,0,0;;;4037771400,-60.4918289831902,0,0,0
4037771562,-58.9153761298071,0,0,0;;;4037771400,-60.0528444172069,0,0,0
4037771562,-59.1616034680744,0,0,0;;;4037771400,-59.9608765475833,0,0,0
4037771562,-59.7362735047293,0,0,0;;;4037771400,-59.9786762626401,0,0,0
4037771562,-60.6921418126334,0,0,0;;;4037771400,-60.2894088958481,0,0,0
4037771562,-62.1036400166487,0,0,0;;;4037771400,-60.9594124378789,0,0,0
4037771562,-64.1185926157101,0,0,0;;;4037771400,-62.1351160024871,0,0,0
4037771562,-67.1850082136313,0,0,0;;;4037771400,-63.9497845340345,0,0,0
4037771562,-70.1443094599006,0,0,0;;;4037771400,-66.6671688420323,0,0,0
4037771562,-70.4005621963904,0,0,0;;;4037771400,-71.3510892275451,0,0,0
4037771562,-67.6700072053783,0,0,0;;;4037771400,-74.1352239411459,0,0,0
4037771562,-65.239244519671,0,0,0;;;4037771400,-68.0850452902326,0,0,0
4037771562,-63.431355225676,0,0,0;;;4037771400,-64.7785020649198,0,0,0
4037771562,-62.1976816299585,0,0,0;;;4037771400,-62.5643732915092,0,0,0
4037771562,-60.8778680475319,0,0,0;;;4037771400,-61.0959880235791,0,0,0
4037771562,-59.57201944002,0,0,0;;;4037771400,-60.2657525234066,0,0,0
4037771562,-58.2656511202772,0,0,0;;;4037771400,-59.9396872581055,0,0,0
4037771562,-56.6679176330883,0,0,0;;;4037771400,-59.9165971965228,0,0,0
4037771562,-54.8471555997016,0,0,0;;;4037771400,-60.0264860198185,0,0,0
4037771562,-53.228595685364,0,0,0;;;4037771400,-60.4253392774866,0,0,0
4037771562,-51.7811198895483,0,0,0;;;4037771400,-61.101440033091,0,0,0
4037771562,-50.4752859259079,0,0,0;;;4037771400,-61.2831607202932,0,0,0
4037771562,-49.2397904239835,0,0,0;;;4037771400,-59.640772409678,0,0,0
4037771562,-48.2980840235805,0,0,0;;;4037771400,-57.05952181822,0,0,0
4037771562,-47.5819431618575,0,0,0;;;4037771400,-54.7719357965285,0,0,0
4037771562,-46.9909010180751,0,0,0;;;4037771400,-52.7706518935426,0,0,0
4037771562,-46.6124004545071,0,0,0;;;4037771400,-51.0813265862393,0,0,0
4037771562,-46.5410524680767,0,0,0;;;4037771400,-49.693766539861,0,0,0
4037771562,-46.5648143807803,0,0,0;;;4037771400,-48.6122558632884,0,0,0
4037771562,-46.8541293247138,0,0,0;;;4037771400,-47.8040878005467,0,0,0
4037771562,-47.4692787755484,0,0,0;;;4037771400,-47.2538686763754,0,0,0
4037771562,-48.6118352435666,0,0,0;;;4037771400,-46.9552299289971,0,0,0
4037771562,-50.6105364750731,0,0,0;;;4037771400,-46.8955158515802,0,0,0
4037771562,-53.9894722370282,0,0,0;;;4037771400,-46.9104878125345,0,0,0
4037771562,-58.8350821808851,0,0,0;;;4037771400,-47.1461256176463,0,0,0
4037771562,-51.8730666347648,0,0,0;;;4037771400,-47.7076060052848,0,0,0
4037771562,-47.2615399083184,0,0,0;;;4037771400,-48.7169404093053,0,0,0
4037771562,-43.9405377422401,0,0,0;;;4037771400,-50.3919219677305,0,0,0
4037771562,-41.3891604821826,0,0,0;;;4037771400,-53.1005247326535,0,0,0
4037771562,-39.3466796092408,0,0,0;;;4037771400,-57.2356821844799,0,0,0
4037771562,-37.5075653609502,0,0,0;;;4037771400,-53.409612324424,0,0,0
4037771562,-36.1053347991233,0,0,0;;;4037771400,-48.9229773141536,0,0,0
4037771562,-34.9217919993566,0,0,0;;;4037771400,-45.5834548770562,0,0,0
4037771562,-33.9328471302429,0,0,0;;;4037771400,-42.9910860645261,0,0,0
4037771562,-33.1009551090252,0,0,0;;;4037771400,-40.9095556170392,0,0,0
4037771562,-32.3896252920916,0,0,0;;;4037771400,-39.0170667768472,0,0,0
4037771562,-31.7958404017663,0,0,0;;;4037771400,-37.5703065640968,0,0,0
4037771562,-31.3023696016665,0,0,0;;;4037771400,-36.3404860420163,0,0,0
4037771562,-30.9146602930339,0,0,0;;;4037771400,-35.3126512374623,0,0,0
4037771562,-30.6220083246778,0,0,0;;;4037771400,-34.4543409331381,0,0,0
4037771562,-30.4099591607315,0,0,0;;;4037771400,-33.754850076021,0,0,0
4037771562,-30.2925099557332,0,0,0;;;4037771400,-33.1775129020382,0,0,0
4037771562,-30.2728006456422,0,0,0;;;4037771400,-32.6773206029664,0,0,0
4037771562,-30.2868764911943,0,0,0;;;4037771400,-32.2620859425516,0,0,0
4037771562,-30.4045427197986,0,0,0;;;4037771400,-31.9395882174045,0,0,0
4037771562,-30.6595922391204,0,0,0;;;4037771400,-31.7301252681695,0,0,0
4037771562,-31.038019535409,0,0,0;;;4037771400,-31.6301032062753,0,0,0
4037771562,-31.5403169256479,0,0,0;;;4037771400,-31.6183011177784,0,0,0
4037771562,-32.1670503779428,0,0,0;;;4037771400,-31.6355235430713,0,0,0
4037771562,-32.9094700005871,0,0,0;;;4037771400,-31.7371355470565,0,0,0
4037771562,-33.7974059554675,0,0,0;;;4037771400,-31.940815563198,0,0,0
4037771562,-34.8427518724913,0,0,0;;;4037771400,-32.2471936001977,0,0,0
4037771562,-36.0749113506533,0,0,0;;;4037771400,-32.6368193874898,0,0,0
4037771562,-37.5443591101456,0,0,0;;;4037771400,-33.1324096718468,0,0,0
4037771562,-39.3015385915133,0,0,0;;;4037771400,-33.7215247453308,0,0,0
4037771562,-41.4329013712114,0,0,0;;;4037771400,-34.4327049531072,0,0,0
4037771562,-44.0355890076672,0,0,0;;;4037771400,-35.2816843034349,0,0,0
4037771562,-47.4445898373427,0,0,0;;;4037771400,-36.2751858619562,0,0,0
4037771562,-52.3634763417136,0,0,0;;;4037771400,-37.4234015188787,0,0,0
4037771562,-58.3095278860306,0,0,0;;;4037771400,-38.8939358243234,0,0,0
4037771562,-52.9277056348421,0,0,0;;;4037771400,-40.4773774567758,0,0,0
4037771562,-49.9687960480056,0,0,0;;;4037771400,-42.3522515257104,0,0,0
4037771562,-48.3159540580357,0,0,0;;;4037771400,-44.6340009933613,0,0,0
4037771562,-47.3860360871493,0,0,0;;;4037771400,-47.4374700483368,0,0,0
4037771562,-46.8506117743923,0,0,0;;;4037771400,-50.8864940724095,0,0,0
4037771562,-46.6221363657577,0,0,0;;;4037771400,-54.6386847480916,0,0,0
4037771562,-46.6179357469172,0,0,0;;;4037771400,-54.3480357483187,0,0,0
4037771562,-46.7624800453471,0,0,0;;;4037771400,-51.9914507717357,0,0,0
4037771562,-47.2373187314102,0,0,0;;;4037771400,-50.2639292883882,0,0,0
4037771562,-48.0213593669912,0,0,0;;;4037771400,-49.1205624767853,0,0,0
4037771562,-49.0449855763833,0,0,0;;;4037771400,-48.4021238889999,0,0,0
4037771562,-50.3153322175566,0,0,0;;;4037771400,-48.0128065711746,0,0,0
4037771562,-51.8172562034067,0,0,0;;;4037771400,-47.9084479204607,0,0,0
4037771562,-53.7592354098506,0,0,0;;;4037771400,-47.908999064333,0,0,0
4037771562,-56.0561588015397,0,0,0;;;4037771400,-48.0430727562008,0,0,0
4037771562,-58.2378815690569,0,0,0;;;4037771400,-48.4150970790022,0,0,0
4037771562,-59.9953032789464,0,0,0;;;4037771400,-49.0169109706666,0,0,0
4037771562,-60.3956014023749,0,0,0;;;4037771400,-49.7809572408287,0,0,0
4037771562,-59.8672202711627,0,0,0;;;4037771400,-50.7306124907368,0,0,0
4037771562,-59.6453039168535,0,0,0;;;4037771400,-51.8891712614412,0,0,0
4037771562,-59.5606169700527,0,0,0;;;4037771400,-53.2104883530657,0,0,0
4037771562,-59.5823658738531,0,0,0;;;4037771400,-54.7974794685059,0,0,0
4037771562,-60.1242900072832,0,0,0;;;4037771400,-56.3621961996689,0,0,0
4037771562,-61.3360591046805,0,0,0;;;4037771400,-57.9010359582043,0,0,0
4037771562,-63.232186838671,0,0,0;;;4037771400,-59.4100758949953,0,0,0
4037771562,-66.4637005759378,0,0,0;;;4037771400,-60.8370152577464,0,0,0
4037771562,-71.0422364755819,0,0,0;;;4037771400,-62.190579220338,0,0,0
4037771562,-70.1274650651584,0,0,0;;;4037771400,-63.667339819352,0,0,0
4037771562,-65.8047882343097,0,0,0;;;4037771400,-65.2596688001594,0,0,0
4037771562,-62.7050806349163,0,0,0;;;4037771400,-67.1647256365042,0,0,0
4037771562,-61.0915459330916,0,0,0;;;4037771400,-69.7141912023915,0,0,0
4037771562,-59.6477014628827,0,0,0;;;4037771400,-72.6294424635192,0,0,0
4037771562,-58.8840258444262,0,0,0;;;4037771400,-70.3271033371738,0,0,0
4037771562,-58.4848731849666,0,0,0;;;4037771400,-67.2098113787688,0,0,0
4037771562,-58.4094844250544,0,0,0;;;4037771400,-64.8363503615831,0,0,0
4037771562,-58.4087567024033,0,0,0;;;4037771400,-63.0536879862827,0,0,0
4037771562,-58.7285181603607,0,0,0;;;4037771400,-61.7154150281743,0,0,0
4037771562,-59.4623002372197,0,0,0;;;4037771400,-60.7554690526845,0,0,0
4037771562,-60.5267384904831,0,0,0;;;4037771400,-60.1145353819872,0,0,0
4037771562,-62.0596884517904,0,0,0;;;4037771400,-59.7961606882006,0,0,0
4037771562,-64.1905054244644,0,0,0;;;4037771400,-59.7149594932274,0,0,0
4037771562,-67.2682111486443,0,0,0;;;4037771400,-59.7390728872663,0,0,0
4037771562,-72.2127978532237,0,0,0;;;4037771400,-60.0358817182302,0,0,0
4037771562,-77.359197532587,0,0,0;;;4037771400,-60.6380137208708,0,0,0
4037771562,-71.7645833342325,0,0,0;;;4037771400,-61.6914351262719,0,0,0
4037771562,-68.959541396288,0,0,0;;;4037771400,-63.0549136445077,0,0,0
4037771562,-67.1921495709893,0,0,0;;;4037771400,-64.8796667599345,0,0,0
4037771562,-65.9939057772795,0,0,0;;;4037771400,-67.4466540742563,0,0,0
4037771562,-65.5404214439963,0,0,0;;;4037771400,-71.2727109100161,0,0,0
4037771562,-65.5274355785218,0,0,0;;;4037771400,-77.1819503021606,0,0,0
4037771562,-65.6249482290468,0,0,0;;;4037771400,-73.1767575744463,0,0,0
4037771562,-65.9931589680129,0,0,0;;;4037771400,-69.4707429053331,0,0,0
4037771562,-67.0089158448465,0,0,0;;;4037771400,-67.1897756920323,0,0,0
4037771562,-68.504430459338,0,0,0;;;4037771400,-65.7432517077962,0,0,0
4037771562,-70.3753773100358,0,0,0;;;4037771400,-64.7994543398459,0,0,0
4037771562,-73.5250739951147,0,0,0;;;4037771400,-64.2728944527838,0,0,0
4037771562,-76.545466991816,0,0,0;;;4037771400,-64.0950208702114,0,0,0
4037771562,-75.5532757939315,0,0,0;;;4037771400,-64.0944287446649,0,0,0
4037771562,-72.5493191815572,0,0,0;;;4037771400,-64.2579987739216,0,0,0
4037771562,-70.4823993438805,0,0,0;;;4037771400,-64.7960301061662,0,0,0
4037771562,-69.0440128975159,0,0,0;;;4037771400,-65.7015921139533,0,0,0
4037771562,-68.1408788840265,0,0,0;;;4037771400,-67.0719127497401,0,0,0
4037771562,-67.4659012642549,0,0,0;;;4037771400,-69.0668501136254,0,0,0
4037771562,-67.315619067338,0,0,0;;;4037771400,-71.9409154144327,0,0,0
4037771562,-67.3764126892923,0,0,0;;;4037771400,-76.3422443049582,0,0,0
4037771562,-67.5292449443516,0,0,0;;;4037771400,-83.6883158088112,0,0,0
4037771562,-68.1116029006881,0,0,0;;;4037771400,-76.8063658180017,0,0,0
4037771562,-68.865136196,0,0,0;;;4037771400,-73.0884816039435,0,0,0
4037771562,-69.8856534350161,0,0,0;;;4037771400,-70.7591550285318,0,0,0
4037771562,-71.4482228700605,0,0,0;;;4037771400,-69.2093577027827,0,0,0
4037771562,-73.0945336743395,0,0,0;;;4037771400,-68.3056139960109,0,0,0
4037771562,-74.986273000084,0,0,0;;;4037771400,-67.8589724126862,0,0,0
4037771562,-76.845878439675,0,0,0;;;4037771400,-67.7176493920811,0,0,0
4037771562,-78.8314252284301,0,0,0;;;4037771400,-67.7212444831269,0,0,0
4037771562,-79.6167640651269,0,0,0;;;4037771400,-67.9326546356972,0,0,0
4037771562,-80.3922698335954,0,0,0;;;4037771400,-68.3828782149467,0,0,0
4037771562,-80.7495941692358,0,0,0;;;4037771400,-69.1050692117235,0,0,0
4037771562,-82.4060706337655,0,0,0;;;4037771400,-70.2018094303163,0,0,0
4037771562,-83.9543552727782,0,0,0;;;4037771400,-71.6210212674544,0,0,0
4037771562,-86.4975339680193,0,0,0;;;4037771400,-73.4308940258478,0,0,0
4037771562,-84.6040321317042,0,0,0;;;4037771400,-76.0153792574238,0,0,0
4037771562,-80.7632158918395,0,0,0;;;4037771400,-79.2675542807524,0,0,0
4037771562,-78.0741534682461,0,0,0;;;4037771400,-84.2826710372433,0,0,0
4037771562,-75.9945709183111,0,0,0;;;4037771400,-93.0943202969627,0,0,0
4037771562,-74.465242239414,0,0,0;;;4037771400,-87.2720466159487,0,0,0
4037771562,-73.6576080967442,0,0,0;;;4037771400,-84.4209163184205,0,0,0
4037771562,-73.0669504630666,0,0,0;;;4037771400,-82.9588753733346,0,0,0
4037771562,-72.9724830058059,0,0,0;;;4037771400,-82.7857004990255,0,0,0
4037771562,-72.7931081820413,0,0,0;;;4037771400,-82.9606073553221,0,0,0
4037771562,-72.9353139763744,0,0,0;;;4037771400,-83.7734908286085,0,0,0
4037771562,-73.4577937933392,0,0,0;;;4037771400,-85.290985226174,0,0,0
4037771562,-74.6110423846759,0,0,0;;;4037771400,-87.7366903342957,0,0,0
4037771562,-76.0999181263265,0,0,0;;;4037771400,-88.3976040423053,0,0,0
4037771562,-78.6041400985073,0,0,0;;;4037771400,-85.5765113497883,0,0,0
4037771562,-81.4745477929384,0,0,0;;;4037771400,-82.9727409089748,0,0,0
4037771562,-81.3467686203259,0,0,0;;;4037771400,-81.2053299656666,0,0,0
4037771562,-78.1777977277448,0,0,0;;;4037771400,-80.1423522560448,0,0,0
4037771562,-75.8246131607871,0,0,0;;;4037771400,-79.5846348365507,0,0,0
4037771562,-73.886798931587,0,0,0;;;4037771400,-79.3861114757148,0,0,0
4037771562,-72.6040311183705,0,0,0;;;4037771400,-79.4540963662568,0,0,0
4037771562,-71.5325957919216,0,0,0;;;4037771400,-79.8384381463213,0,0,0
4037771562,-70.8333146825669,0,0,0;;;4037771400,-81.0218874643009,0,0,0
4037771562,-70.3836266063209,0,0,0;;;4037771400,-83.007501894391,0,0,0
4037771562,-70.2193012443507,0,0,0;;;4037771400,-86.1949421221873,0,0,0
4037771562,-70.1789026243367,0,0,0;;;4037771400,-87.086245100544,0,0,0
4037771562,-70.1978665754286,0,0,0;;;4037771400,-82.8248338583997,0,0,0
4037771562,-70.3650766949606,0,0,0;;;4037771400,-79.5307832019118,0,0,0
4037771562,-70.6641791482736,0,0,0;;;4037771400,-77.0336133339219,0,0,0
4037771562,-70.9197921359639,0,0,0;;;4037771400,-75.2319139175483,0,0,0
4037771562,-71.2148854279758,0,0,0;;;4037771400,-73.7988150536799,0,0,0
4037771562,-71.3720568479495,0,0,0;;;4037771400,-72.7537069970113,0,0,0
4037771562,-71.1061298819127,0,0,0;;;4037771400,-72.0477536695432,0,0,0
4037771562,-70.7908291503042,0,0,0;;;4037771400,-71.6407614001249,0,0,0
4037771562,-70.3976684156075,0,0,0;;;4037771400,-71.3985494828764,0,0,0
4037771562,-70.1310718293858,0,0,0;;;4037771400,-71.3729617414051,0,0,0
4037771562,-69.9470477421794,0,0,0;;;4037771400,-71.4265078874666,0,0,0
4037771562,-69.8243031022714,0,0,0;;;4037771400,-71.686050881939,0,0,0
4037771562,-69.8212082523509,0,0,0;;;4037771400,-72.208506688099,0,0,0
4037771562,-69.9149277953049,0,0,0;;;4037771400,-72.8938963467479,0,0,0
4037771562,-70.1527439228957,0,0,0;;;4037771400,-73.8459964358754,0,0,0
4037771562,-70.6919268902808,0,0,0;;;4037771400,-74.9940159812052,0,0,0
4037771562,-71.4058775618758,0,0,0;;;4037771400,-76.3180237483761,0,0,0
4037771562,-72.3794288696664,0,0,0;;;4037771400,-77.6955424601312,0,0,0
4037771562,-73.6072219377304,0,0,0;;;4037771400,-78.7628149852768,0,0,0
4037771562,-75.2128248663424,0,0,0;;;4037771400,-79.248327694276,0,0,0
4037771562,-77.3270139114624,0,0,0;;;4037771400,-78.7917073391596,0,0,0
4037771562,-80.0252418284535,0,0,0;;;4037771400,-78.1752742193194,0,0,0
4037771562,-84.1454147357522,0,0,0;;;4037771400,-77.6521906722753,0,0,0
4037771562,-91.7934155861753,0,0,0;;;4037771400,-77.3519146383479,0,0,0
4037771562,-86.3718201189014,0,0,0;;;4037771400,-77.2597749627101,0,0,0
4037771562,-82.1913322070174,0,0,0;;;4037771400,-77.2777646955181,0,0,0
4037771562,-79.8898132559171,0,0,0;;;4037771400,-77.5410351745662,0,0,0
4037771562,-78.3950972313747,0,0,0;;;4037771400,-78.2535034175713,0,0,0
4037771562,-77.1840967621058,0,0,0;;;4037771400,-79.4749439012313,0,0,0
4037771562,-76.4031949290058,0,0,0;;;4037771400,-80.9076340197923,0,0,0
4037771562,-75.8967117304444,0,0,0;;;4037771400,-82.7197442444289,0,0,0
4037771562,-75.6541312411363,0,0,0;;;4037771400,-84.5364410755984,0,0,0
4037771562,-75.6193770588711,0,0,0;;;4037771400,-83.6526022975315,0,0,0
4037771562,-75.6677686475302,0,0,0;;;4037771400,-81.7033418649742,0,0,0
4037771562,-75.88815266982,0,0,0;;;4037771400,-79.7135887129457,0,0,0
4037771562,-76.2990187832459,0,0,0;;;4037771400,-78.1463677433052,0,0,0
4037771562,-76.9112517259773,0,0,0;;;4037771400,-76.9283232602129,0,0,0
4037771562,-77.7540358483428,0,0,0;;;4037771400,-76.060656994339,0,0,0
4037771562,-78.7553614065416,0,0,0;;;4037771400,-75.4421857217618,0,0,0
4037771562,-79.9429872907836,0,0,0;;;4037771400,-75.1117996482584,0,0,0
4037771562,-80.9269756326449,0,0,0;;;4037771400,-74.9546476163088,0,0,0
4037771562,-81.8556419366971,0,0,0;;;4037771400,-74.9532695052214,0,0,0
4037771562,-82.0479053966348,0,0,0;;;4037771400,-74.9988630179593,0,0,0
4037771562,-81.284300839044,0,0,0;;;4037771400,-75.2134355625376,0,0,0
4037771562,-80.2433356183747,0,0,0;;;4037771400,-75.6576744317327,0,0,0
4037771562,-79.1674439035475,0,0,0;;;4037771400,-76.2433663815094,0,0,0
4037771562,-78.4200432607656,0,0,0;;;4037771400,-77.053772319931,0,0,0
4037771562,-77.7984971843216,0,0,0;;;4037771400,-78.1433829014758,0,0,0
4037771562,-77.7627169158886,0,0,0;;;4037771400,-79.4425359870457,0,0,0
4037771562,-78.2550739310459,0,0,0;;;4037771400,-81.1222309876417,0,0,0
4037771562,-78.0093777175457,0,0,0;;;4037771400,-82.7721301189378,0,0,0
4037771562,-77.8392920443049,0,0,0;;;4037771400,-85.2255417366661,0,0,0
4037771562,-77.9480385301637,0,0,0;;;4037771400,-87.860647006482,0,0,0
4037771562,-78.2878180905074,0,0,0;;;4037771400,-90.8259428106232,0,0,0
4037771562,-79.6418885568045,0,0,0;;;4037771400,-94.0643412675466,0,0,0
4037771562,-80.3349842862096,0,0,0;;;4037771400,-97.846596930348,0,0,0
4037771562,-81.6252860869397,0,0,0;;;4037771400,-101.082372952932,0,0,0
4037771562,-83.773189760181,0,0,0;;;4037771400,-100.875556286167,0,0,0
4037771562,-86.5557665713361,0,0,0;;;4037771400,-99.562936960999,0,0,0
4037771562,-90.2458645488392,0,0,0;;;4037771400,-98.0312033233722,0,0,0
4037771562,-95.6985313241707,0,0,0;;;4037771400,-96.9175185696319,0,0,0
4037771562,-90.8339665887733,0,0,0;;;4037771400,-94.9957467552745,0,0,0
4037771562,-87.9874862363987,0,0,0;;;4037771400,-93.7708091446827,0,0,0
4037771562,-85.8373679087056,0,0,0;;;4037771400,-92.0179716189083,0,0,0
4037771562,-84.7710942147073,0,0,0;;;4037771400,-90.8602829181669,0,0,0
4037771562,-84.4317999258582,0,0,0;;;4037771400,-89.7249404836872,0,0,0
4037771562,-84.0772661808573,0,0,0;;;4037771400,-88.9285365701081,0,0,0
4037771562,-84.1474272217756,0,0,0;;;4037771400,-88.0702156237715,0,0,0
4037771562,-84.7884118820276,0,0,0;;;4037771400,-87.3981597517336,0,0,0
4037771562,-85.7910365514845,0,0,0;;;4037771400,-86.6675669638312,0,0,0
4037771562,-86.7654315219867,0,0,0;;;4037771400,-86.2833681730757,0,0,0
4037771562,-87.7526764144988,0,0,0;;;4037771400,-85.7276357103067,0,0,0
4037771562,-87.3389844373017,0,0,0;;;4037771400,-85.0431191139248,0,0,0
4037771562,-86.1358387225199,0,0,0;;;4037771400,-84.6303999326116,0,0,0
4037771562,-84.8318577129508,0,0,0;;;4037771400,-84.0576973035856,0,0,0
4037771562,-83.89354595061,0,0,0;;;4037771400,-83.6076993754901,0,0,0
4037771562,-83.3701298321801,0,0,0;;;4037771400,-83.2871166602184,0,0,0
4037771562,-83.0308434752549,0,0,0;;;4037771400,-83.1161536001668,0,0,0
4037771562,-82.9480529857538,0,0,0;;;4037771400,-83.0774440107184,0,0,0
4037771562,-82.9568230689283,0,0,0;;;4037771400,-82.9692724494546,0,0,0
4037771562,-83.2585831901075,0,0,0;;;4037771400,-82.8950336245402,0,0,0
4037771562,-83.6203156850603,0,0,0;;;4037771400,-83.0231898390014,0,0,0
4037771562,-84.3038058908292,0,0,0;;;4037771400,-83.2440593890842,0,0,0
4037771562,-85.1806730428416,0,0,0;;;4037771400,-83.5444816614063,0,0,0
4037771562,-85.1174287353752,0,0,0;;;4037771400,-83.8460726267115,0,0,0
4037771562,-84.4442871300764,0,0,0;;;4037771400,-84.2645376493669,0,0,0
4037771562,-83.4384939197503,0,0,0;;;4037771400,-84.6619467819559,0,0,0
4037771562,-81.9849125386281,0,0,0;;;4037771400,-85.0983309044419,0,0,0
4037771562,-81.1038008837439,0,0,0;;;4037771400,-85.3912300487751,0,0,0
4037771562,-80.4276103013104,0,0,0;;;4037771400,-85.6187499886073,0,0,0
4037771562,-79.7954004824655,0,0,0;;;4037771400,-86.0035166578751,0,0,0
4037771562,-79.1097789727248,0,0,0;;;4037771400,-86.5358602759917,0,0,0
4037771562,-78.8085360594057,0,0,0;;;4037771400,-86.9508275971775,0,0,0
4037771562,-78.8927595504634,0,0,0;;;4037771400,-87.2862857824787,0,0,0
4037771562,-78.9722597627347,0,0,0;;;4037771400,-87.9309661028601,0,0,0
4037771562,-79.3868716447017,0,0,0;;;4037771400,-88.1990607776451,0,0,0
4037771562,-79.9728079840211,0,0,0;;;4037771400,-87.6530422553613,0,0,0
4037771562,-80.650797537931,0,0,0;;;4037771400,-86.3037068673108,0,0,0
4037771562,-81.4155652073147,0,0,0;;;4037771400,-84.9729563019147,0,0,0
4037771562,-82.1018108809032,0,0,0;;;4037771400,-83.4139334451652,0,0,0
4037771562,-82.6431629758809,0,0,0;;;4037771400,-81.9665707861337,0,0,0
4037771562,-83.0823234541763,0,0,0;;;4037771400,-80.6982113858436,0,0,0
4037771562,-82.893875228859,0,0,0;;;4037771400,-79.7135887129457,0,0,0
4037771562,-82.320841860276,0,0,0;;;4037771400,-78.8973908311017,0,0,0
4037771562,-82.1480549408445,0,0,0;;;4037771400,-78.2858023878461,0,0,0
4037771562,-81.9301660693747,0,0,0;;;4037771400,-77.9107638187704,0,0,0
4037771562,-81.9099192312138,0,0,0;;;4037771400,-77.6653618044967,0,0,0
4037771562,-81.7069650589569,0,0,0;;;4037771400,-77.6165408078706,0,0,0
4037771562,-81.9177008924027,0,0,0;;;4037771400,-77.601574002788,0,0,0
4037771562,-82.4423822442815,0,0,0;;;4037771400,-77.701213026442,0,0,0
4037771562,-83.1610183493354,0,0,0;;;4037771400,-78.0395544324536,0,0,0
4037771562,-84.262916609065,0,0,0;;;4037771400,-78.4749224378221,0,0,0
4037771562,-85.9927855874571,0,0,0;;;4037771400,-79.1976382709821,0,0,0
4037771562,-87.8199973687459,0,0,0;;;4037771400,-80.0936532072718,0,0,0
4037771562,-89.8450283050816,0,0,0;;;4037771400,-81.2109926760867,0,0,0
4037771562,-89.7639594132895,0,0,0;;;4037771400,-82.8555834260609,0,0,0
4037771562,-88.4077497211065,0,0,0;;;4037771400,-84.8472130353876,0,0,0
4037771562,-87.0306279537839,0,0,0;;;4037771400,-87.3750934752386,0,0,0
4037771562,-85.935722982433,0,0,0;;;4037771400,-91.766118869842,0,0,0
4037771562,-85.0814948161967,0,0,0;;;4037771400,-97.8082273941241,0,0,0
4037771562,-84.3366564758348,0,0,0;;;4037771400,-93.9592438117763,0,0,0
4037771562,-84.1554818319627,0,0,0;;;4037771400,-90.3103330599156,0,0,0
4037771562,-84.0892536095176,0,0,0;;;4037771400,-87.7336889902306,0,0,0
4037771562,-84.1112736226982,0,0,0;;;4037771400,-85.8258500703482,0,0,0
4037771562,-84.5617083074915,0,0,0;;;4037771400,-84.2484508020542,0,0,0
4037771562,-85.4313555122115,0,0,0;;;4037771400,-82.9640723557223,0,0,0
4037771562,-86.7111869139087,0,0,0;;;4037771400,-81.9218854295493,0,0,0
4037771562,-88.5035995520204,0,0,0;;;4037771400,-80.8816896673599,0,0,0
4037771562,-90.9565208566633,0,0,0;;;4037771400,-79.8142888581216,0,0,0
4037771562,-94.3808184657698,0,0,0;;;4037771400,-78.8045792989907,0,0,0
4037771562,-98.254563281724,0,0,0;;;4037771400,-77.9534821906948,0,0,0
4037771562,-97.2616356930553,0,0,0;;;4037771400,-77.0520175061186,0,0,0
4037771562,-94.983119018619,0,0,0;;;4037771400,-76.2250012835042,0,0,0
4037771562,-93.9099922421318,0,0,0;;;4037771400,-75.4970256819324,0,0,0
4037771562,-93.4164456020545,0,0,0;;;4037771400,-74.9346863745017,0,0,0
4037771562,-93.2254756457498,0,0,0;;;4037771400,-74.3498031488006,0,0,0
4037771562,-93.3175429099958,0,0,0;;;4037771400,-73.9050305262727,0,0,0
4037771562,-95.3700184744116,0,0,0;;;4037771400,-73.5801969094316,0,0,0
4037771562,-97.0279608340806,0,0,0;;;4037771400,-73.3772843695785,0,0,0
4037771562,-93.9846297766922,0,0,0;;;4037771400,-73.2653725917546,0,0,0
4037771562,-90.5643828579482,0,0,0;;;4037771400,-73.2500685535858,0,0,0
4037771562,-87.6165785626393,0,0,0;;;4037771400,-73.289801494929,0,0,0
4037771562,-85.4057265274103,0,0,0;;;4037771400,-73.3905119071726,0,0,0
4037771562,-83.8195816255147,0,0,0;;;4037771400,-73.5919699987446,0,0,0
4037771562,-82.4110132873348,0,0,0;;;4037771400,-73.8514569701948,0,0,0
4037771562,-81.4243871019077,0,0,0;;;4037771400,-74.224094206222,0,0,0
4037771562,-80.598472743319,0,0,0;;;4037771400,-74.6859589558962,0,0,0
4037771562,-80.2729188635686,0,0,0;;;4037771400,-75.1957049087974,0,0,0
4037771562,-80.1222004319685,0,0,0;;;4037771400,-75.8282059969692,0,0,0
4037771562,-80.1260000337955,0,0,0;;;4037771400,-76.5716204953749,0,0,0
4037771562,-80.2754960877216,0,0,0;;;4037771400,-77.4358677893464,0,0,0
4037771562,-80.8412702889903,0,0,0;;;4037771400,-78.2605585615501,0,0,0
4037771562,-81.5682652712503,0,0,0;;;4037771400,-79.1360835835134,0,0,0
4037771562,-82.6719859818041,0,0,0;;;4037771400,-79.9100722521793,0,0,0
4037771562,-84.179690574996,0,0,0;;;4037771400,-80.6968765326616,0,0,0
4037771562,-86.1485003714647,0,0,0;;;4037771400,-81.462421194668,0,0,0
4037771562,-89.1234226291052,0,0,0;;;4037771400,-81.9357287132911,0,0,0
4037771562,-93.3755844867341,0,0,0;;;4037771400,-82.356782744379,0,0,0
4037771562,-95.5327218882408,0,0,0;;;4037771400,-82.2715632250094,0,0,0
4037771562,-92.396321172888,0,0,0;;;4037771400,-82.1397638332942,0,0,0
4037771562,-89.7524396640703,0,0,0;;;4037771400,-81.7740693543494,0,0,0
4037771562,-87.9937519821261,0,0,0;;;4037771400,-81.4493115147112,0,0,0
4037771562,-86.6761087160944,0,0,0;;;4037771400,-81.0426969846475,0,0,0
4037771562,-86.0577458012386,0,0,0;;;4037771400,-80.6915391703994,0,0,0
4037771562,-85.8349232451268,0,0,0;;;4037771400,-80.360446045966,0,0,0
4037771562,-86.1257226757942,0,0,0;;;4037771400,-80.0762378838675,0,0,0
4037771562,-86.6707246219266,0,0,0;;;4037771400,-80.0143238029235,0,0,0
4037771562,-88.3651235255926,0,0,0;;;4037771400,-79.894237643209,0,0,0
4037771562,-90.8644434257888,0,0,0;;;4037771400,-79.880861638043,0,0,0
4037771562,-94.0725253261088,0,0,0;;;4037771400,-79.9198309944606,0,0,0
4037771562,-94.7480706547031,0,0,0;;;4037771400,-80.1976245727308,0,0,0
4037771562,-90.9477094030666,0,0,0;;;4037771400,-80.4171283597017,0,0,0
4037771562,-87.8015853011455,0,0,0;;;4037771400,-80.7705998039689,0,0,0
4037771562,-85.7183812584416,0,0,0;;;4037771400,-81.256427756135,0,0,0
4037771562,-84.2997082897917,0,0,0;;;4037771400,-81.9758448038896,0,0,0
4037771562,-83.3664497602521,0,0,0;;;4037771400,-82.7467426603787,0,0,0
4037771562,-82.8608357689772,0,0,0;;;4037771400,-83.739320526975,0,0,0
4037771562,-82.6363949695869,0,0,0;;;4037771400,-84.9620443788237,0,0,0
4037771562,-82.5858023230752,0,0,0;;;4037771400,-86.4164290345131,0,0,0
4037771562,-82.7350509991589,0,0,0;;;4037771400,-87.9309661028601,0,0,0
4037771562,-83.3444020116278,0,0,0;;;4037771400,-89.9854409321299,0,0,0
4037771562,-84.1273233136268,0,0,0;;;4037771400,-92.570850551177,0,0,0
4037771562,-85.506345447431,0,0,0;;;4037771400,-94.8788327780525,0,0,0
4037771562,-87.2263666043939,0,0,0;;;4037771400,-96.5372389334476,0,0,0
4037771562,-88.9083794751917,0,0,0;;;4037771400,-95.3562381760661,0,0,0
4037771562,-88.3455202305203,0,0,0;;;4037771400,-93.6276810511107,0,0,0
4037771562,-86.4030784149419,0,0,0;;;4037771400,-92.8097806734886,0,0,0
4037771562,-84.5659314215351,0,0,0;;;4037771400,-91.2788017596749,0,0,0
4037771562,-83.0912302326825,0,0,0;;;4037771400,-90.0439714072356,0,0,0
4037771562,-81.7725595495563,0,0,0;;;4037771400,-89.4172135328893,0,0,0
4037771562,-80.8674450753523,0,0,0;;;4037771400,-87.9064426642635,0,0,0
4037771562,-80.0817744309279,0,0,0;;;4037771400,-87.4241827428176,0,0,0
4037771562,-79.6718937325532,0,0,0;;;4037771400,-86.6067337487632,0,0,0
4037771562,-79.454616437654,0,0,0;;;4037771400,-86.1548166764356,0,0,0
4037771562,-79.2540925990852,0,0,0;;;4037771400,-85.7754064323318,0,0,0
4037771562,-79.2506558186508,0,0,0;;;4037771400,-85.6140466503914,0,0,0
4037771562,-79.4557890972532,0,0,0;;;4037771400,-85.6943518444981,0,0,0
4037771562,-79.546562657143,0,0,0;;;4037771400,-85.5368070257864,0,0,0
4037771562,-79.840639593263,0,0,0;;;4037771400,-85.6234558750223,0,0,0
4037771562,-80.0603744021539,0,0,0;;;4037771400,-85.9008540402443,0,0,0
4037771562,-80.3570725739317,0,0,0;;;4037771400,-86.2554800037532,0,0,0
4037771562,-80.3922698335954,0,0,0;;;4037771400,-86.7234849014087,0,0,0
4037771562,-80.1399461448077,0,0,0;;;4037771400,-87.2805873144127,0,0,0
4037771562,-79.747969715503,0,0,0;;;4037771400,-87.4154997467882,0,0,0
4037771562,-79.1742532509699,0,0,0;;;4037771400,-87.3837361522084,0,0,0
4037771562,-78.6510477478381,0,0,0;;;4037771400,-86.4267494155141,0,0,0
4037771562,-78.2428266256084,0,0,0;;;4037771400,-85.286456017552,0,0,0
4037771562,-77.850982997296,0,0,0;;;4037771400,-84.0675296451812,0,0,0
4037771562,-77.4835290056199,0,0,0;;;4037771400,-83.155036475566,0,0,0
4037771562,-77.2785046019402,0,0,0;;;4037771400,-82.2843730931446,0,0,0
4037771562,-77.2076026968876,0,0,0;;;4037771400,-81.5842634562161,0,0,0
4037771562,-77.0488249134653,0,0,0;;;4037771400,-81.026045381871,0,0,0
4037771562,-77.0204265772189,0,0,0;;;4037771400,-80.7048887306051,0,0,0
4037771562,-77.04793605861,0,0,0;;;4037771400,-80.3424880605494,0,0,0
4037771562,-76.9991885908532,0,0,0;;;4037771400,-80.187548864053,0,0,0
4037771562,-77.0248577015054,0,0,0;;;4037771400,-80.1749706421198,0,0,0
4037771562,-77.0506028961005,0,0,0;;;4037771400,-80.2026668134286,0,0,0
4037771562,-77.145360620905,0,0,0;;;4037771400,-80.4533924711077,0,0,0
4037771562,-77.0071467515181,0,0,0;;;4037771400,-80.6662313924703,0,0,0
4037771562,-76.965667622397,0,0,0;;;4037771400,-81.1012302771259,0,0,0
4037771562,-76.8806829526124,0,0,0;;;4037771400,-81.7078392190468,0,0,0
4037771562,-76.7930686220647,0,0,0;;;4037771400,-82.4493767967422,0,0,0
4037771562,-76.5832975814009,0,0,0;;;4037771400,-83.2709451605652,0,0,0
4037771562,-76.4827798718698,0,0,0;;;4037771400,-84.3129777310682,0,0,0
4037771562,-76.4304700830252,0,0,0;;;4037771400,-85.3774919840083,0,0,0
4037771562,-76.3505405468885,0,0,0;;;4037771400,-86.4086967880339,0,0,0
4037771562,-76.3554633579426,0,0,0;;;4037771400,-87.508568934033,0,0,0
4037771562,-76.4994522502083,0,0,0;;;4037771400,-87.9555589761659,0,0,0
4037771562,-76.7337173924211,0,0,0;;;4037771400,-88.3362764359428,0,0,0
4037771562,-76.9771207699429,0,0,0;;;4037771400,-88.1832452422521,0,0,0
4037771562,-77.2239133806733,0,0,0;;;4037771400,-87.7517126307384,0,0,0
4037771562,-77.5379009492892,0,0,0;;;4037771400,-87.4706392246847,0,0,0
4037771562,-77.8217850663736,0,0,0;;;4037771400,-87.1085559547133,0,0,0
4037771562,-78.1565657671786,0,0,0;;;4037771400,-86.9535702210203,0,0,0
4037771562,-78.4325431940444,0,0,0;;;4037771400,-86.7181438468896,0,0,0
4037771562,-78.5469157055371,0,0,0;;;4037771400,-86.6516563082364,0,0,0
4037771562,-78.4691044190829,0,0,0;;;4037771400,-86.5358602759917,0,0,0
4037771562,-78.2550739310459,0,0,0;;;4037771400,-86.2327288246388,0,0,0
4037771562,-77.9756864714145,0,0,0;;;4037771400,-86.0949739389865,0,0,0
4037771562,-77.8451355538406,0,0,0;;;4037771400,-85.780197986522,0,0,0
4037771562,-77.6829852301761,0,0,0;;;4037771400,-85.4302729817387,0,0,0
4037771562,-77.5313207295518,0,0,0;;;4037771400,-85.1472092971532,0,0,0
4037771562,-77.5332002837139,0,0,0;;;4037771400,-84.8601368661236,0,0,0
4037771562,-77.570877031563,0,0,0;;;4037771400,-84.5426734769455,0,0,0
4037771562,-77.6201024111136,0,0,0;;;4037771400,-84.272592259554,0,0,0
4037771562,-77.7588575924647,0,0,0;;;4037771400,-83.7906265217468,0,0,0
4037771562,-78.1032099954588,0,0,0;;;4037771400,-83.4322022280868,0,0,0
4037771562,-78.5606575320976,0,0,0;;;4037771400,-83.1709934114159,0,0,0
4037771562,-79.0346002827915,0,0,0;;;4037771400,-82.7298588186584,0,0,0
4037771562,-79.5917120380913,0,0,0;;;4037771400,-82.3341905430804,0,0,0
4037771562,-80.1120762788438,0,0,0;;;4037771400,-81.9065298352767,0,0,0
4037771562,-80.7455118146386,0,0,0;;;4037771400,-81.607948896408,0,0,0
4037771562,-81.4067522636605,0,0,0;;;4037771400,-81.2863742120669,0,0,0
4037771562,-81.7557323540823,0,0,0;;;4037771400,-80.9873153376282,0,0,0
4037771562,-81.8001654725885,0,0,0;;;4037771400,-80.6383451611485,0,0,0
4037771562,-81.6675422574785,0,0,0;;;4037771400,-80.3476151260789,0,0,0
4037771562,-81.5757466581366,0,0,0;;;4037771400,-80.1198418390852,0,0,0
4037771562,-81.5235117692124,0,0,0;;;4037771400,-79.9651083464378,0,0,0
4037771562,-81.3118474992755,0,0,0;;;4037771400,-79.7890041601445,0,0,0
4037771562,-81.2438643357414,0,0,0;;;4037771400,-79.6105084691195,0,0,0
4037771562,-81.2007473961824,0,0,0;;;4037771400,-79.425224216158,0,0,0
4037771562,-81.223716459102,0,0,0;;;4037771400,-79.2959062109982,0,0,0
4037771562,-81.3496850610947,0,0,0;;;4037771400,-79.1149202102423,0,0,0
4037771562,-81.6857151654514,0,0,0;;;4037771400,-78.923469708679,0,0,0
4037771562,-81.9223732376676,0,0,0;;;4037771400,-78.8035059067949,0,0,0
4037771562,-82.0179268195325,0,0,0;;;4037771400,-78.6671953947683,0,0,0
4037771562,-82.3404359423999,0,0,0;;;4037771400,-78.507019575167,0,0,0
4037771562,-82.5104616360416,0,0,0;;;4037771400,-78.4182661731285,0,0,0
4037771562,-82.7316303474899,0,0,0;;;4037771400,-78.3161921429288,0,0,0
4037771562,-82.9463000312296,0,0,0;;;4037771400,-78.2353878889045,0,0,0
4037771562,-83.2386197910104,0,0,0;;;4037771400,-78.2444409304586,0,0,0
4037771562,-83.6278958226751,0,0,0;;;4037771400,-78.3691209129301,0,0,0
4037771562,-84.2181596129645,0,0,0;;;4037771400,-78.4275119465317,0,0,0
4037771562,-84.6935891702847,0,0,0;;;4037771400,-78.6830590719615,0,0,0
4037771562,-85.1738747985827,0,0,0;;;4037771400,-78.9791486790712,0,0,0
4037771562,-85.62244335489,0,0,0;;;4037771400,-79.330051139873,0,0,0
4037771562,-86.2402132126749,0,0,0;;;4037771400,-79.7829948270986,0,0,0
4037771562,-86.6707246219266,0,0,0;;;4037771400,-80.3207317321203,0,0,0
4037771562,-86.7545554652981,0,0,0;;;4037771400,-80.9680148844948,0,0,0
4037771562,-86.6492215575312,0,0,0;;;4037771400,-81.692857085728,0,0,0
4037771562,-86.3432651661008,0,0,0;;;4037771400,-82.4853805359115,0,0,0
4037771562,-86.0152168787596,0,0,0;;;4037771400,-83.390241326973,0,0,0
4037771562,-85.639156176832,0,0,0;;;4037771400,-84.18639417054,0,0,0
4037771562,-85.1286886405534,0,0,0;;;4037771400,-84.9860687305789,0,0,0
4037771562,-84.7775842944399,0,0,0;;;4037771400,-85.7706175199358,0,0,0
4037771562,-84.7257989339126,0,0,0;;;4037771400,-86.7743893972384,0,0,0
4037771562,-84.6807386346333,0,0,0;;;4037771400,-87.6115183740134,0,0,0
4037771562,-84.6444316912243,0,0,0;;;4037771400,-88.0670968123778,0,0,0
4037771562,-84.6061537461842,0,0,0;;;4037771400,-88.5446045549374,0,0,0
4037771562,-84.8209758653259,0,0,0;;;4037771400,-88.4855054747435,0,0,0
4037771562,-85.1670818709909,0,0,0;;;4037771400,-88.4138151138981,0,0,0
4037771562,-85.3454478574628,0,0,0;;;4037771400,-87.8302501613282,0,0,0
4037771562,-85.6918925254037,0,0,0;;;4037771400,-87.3234172317573,0,0,0
4037771562,-86.0627629217466,0,0,0;;;4037771400,-86.5541794233265,0,0,0
4037771562,-86.4030784149419,0,0,0;;;4037771400,-85.8041954866273,0,0,0
4037771562,-87.016613930676,0,0,0;;;4037771400,-85.3273041695147,0,0,0
4037771562,-87.3186631621681,0,0,0;;;4037771400,-84.697838938971,0,0,0
4037771562,-88.2288205735968,0,0,0;;;4037771400,-84.3494859023839,0,0,0
4037771562,-88.7496656557695,0,0,0;;;4037771400,-83.9038055719829,0,0,0
4037771562,-89.4322383503104,0,0,0;;;4037771400,-83.6845495693427,0,0,0
4037771562,-90.4888711466767,0,0,0;;;4037771400,-83.4340312214897,0,0,0
4037771562,-90.2784188699663,0,0,0;;;4037771400,-83.3376214042908,0,0,0
4037771562,-89.6078300560959,0,0,0;;;4037771400,-83.301516646338,0,0,0
4037771562,-87.9655916524374,0,0,0;;;4037771400,-83.665742828991,0,0,0
4037771562,-86.0202094868224,0,0,0;;;4037771400,-84.0400270880107,0,0,0
4037771562,-84.4839487955103,0,0,0;;;4037771400,-84.4188672762694,0,0,0
4037771562,-82.9322891163851,0,0,0;;;4037771400,-85.0629549527263,0,0,0
4037771562,-81.6569589267581,0,0,0;;;4037771400,-85.6659239790412,0,0,0
4037771562,-80.6953199028959,0,0,0;;;4037771400,-86.715474550729,0,0,0
4037771562,-79.5893298948777,0,0,0;;;4037771400,-87.6085599647075,0,0,0
4037771562,-78.7716048154111,0,0,0;;;4037771400,-88.2117339728725,0,0,0
4037771562,-78.2051724463565,0,0,0;;;4037771400,-88.2594238234845,0,0,0
4037771562,-77.7926849566104,0,0,0;;;4037771400,-87.7186978066024,0,0,0
4037771562,-77.5013030455457,0,0,0;;;4037771400,-86.7959124428199,0,0,0
4037771562,-77.3509103479509,0,0,0;;;4037771400,-85.9325010946753,0,0,0
4037771562,-77.2684704918117,0,0,0;;;4037771400,-84.9250460457967,0,0,0
4037771562,-77.2839826425726,0,0,0;;;4037771400,-84.2263799225376,0,0,0
4037771562,-77.3059294196658,0,0,0;;;4037771400,-83.6939682317686,0,0,0
4037771562,-77.4425071782761,0,0,0;;;4037771400,-83.1232102794525,0,0,0
4037771562,-77.6125110939641,0,0,0;;;4037771400,-82.7789126587753,0,0,0
4037771562,-77.7136385256703,0,0,0;;;4037771400,-82.4935840590355,0,0,0
4037771562,-77.8998653911452,0,0,0;;;4037771400,-82.3810540613218,0,0,0
4037771562,-77.9944978207396,0,0,0;;;4037771400,-82.3068359217595,0,0,0
4037771562,-77.7868766155939,0,0,0;;;4037771400,-82.3535516870971,0,0,0
4037771562,-77.598295232136,0,0,0;;;4037771400,-82.4477438037616,0,0,0
4037771562,-77.3022677703991,0,0,0;;;4037771400,-82.5182412187754,0,0,0
4037771562,-77.0071467515181,0,0,0;;;4037771400,-82.7840030415962,0,0,0
4037771562,-76.7037660191632,0,0,0;;;4037771400,-83.0686703840754,0,0,0
4037771562,-76.5681455677233,0,0,0;;;4037771400,-83.5130445132185,0,0,0
4037771562,-76.4570007645043,0,0,0;;;4037771400,-84.1465916509504,0,0,0
4037771562,-76.4188883436138,0,0,0;;;4037771400,-84.7381300031907,0,0,0
4037771562,-76.5203378273534,0,0,0;;;4037771400,-85.4556298962491,0,0,0
4037771562,-76.610299931648,0,0,0;;;4037771400,-86.2656107990561,0,0,0
4037771562,-76.9130017667102,0,0,0;;;4037771400,-87.080676329949,0,0,0
4037771562,-77.305013862625,0,0,0;;;4037771400,-88.0733355554279,0,0,0
4037771562,-77.9381855546439,0,0,0;;;4037771400,-89.1800659313141,0,0,0
4037771562,-78.6339610964548,0,0,0;;;4037771400,-89.766554146045,0,0,0
4037771562,-79.5016467502565,0,0,0;;;4037771400,-89.7023258743281,0,0,0
4037771562,-80.6494519314778,0,0,0;;;4037771400,-88.8462864580431,0,0,0
4037771562,-82.1097664499134,0,0,0;;;4037771400,-87.508568934033,0,0,0
4037771562,-83.7385577476414,0,0,0;;;4037771400,-86.2428331033855,0,0,0
4037771562,-85.5535450725463,0,0,0;;;4037771400,-84.810699597876,0,0,0
4037771562,-87.8600245807713,0,0,0;;;4037771400,-83.6732606393818,0,0,0
4037771562,-91.3211117156351,0,0,0;;;4037771400,-82.7029127506666,0,0,0
4037771562,-94.9063757193653,0,0,0;;;4037771400,-81.7318645147188,0,0,0
4037771562,-99.2260652729154,0,0,0;;;4037771400,-80.9638846468335,0,0,0
4037771562,-98.7159622061961,0,0,0;;;4037771400,-80.360446045966,0,0,0
4037771562,-97.0813305235747,0,0,0;;;4037771400,-79.8517489299263,0,0,0
4037771562,-95.821139653965,0,0,0;;;4037771400,-79.4830648083898,0,0,0
4037771562,-95.0182277553367,0,0,0;;;4037771400,-79.1920243297073,0,0,0
4037771562,-95.1172939656316,0,0,0;;;4037771400,-78.9430803803503,0,0,0
4037771562,-95.3920266524988,0,0,0;;;4037771400,-78.8540992848109,0,0,0
4037771562,-95.1172939656316,0,0,0;;;4037771400,-78.7756441679472,0,0,0
4037771562,-95.7137630503679,0,0,0;;;4037771400,-78.7585427984643,0,0,0
4037771562,-96.1194643281623,0,0,0;;;4037771400,-78.7638833603874,0,0,0
4037771562,-95.6303171806025,0,0,0;;;4037771400,-78.7596106481876,0,0,0
4037771562,-94.7208314645607,0,0,0;;;4037771400,-78.8368429018817,0,0,0
4037771562,-94.2317286400009,0,0,0;;;4037771400,-78.8228472908597,0,0,0
4037771562,-94.0536155443917,0,0,0;;;4037771400,-78.9060750931642,0,0,0
4037771562,-93.9038013012866,0,0,0;;;4037771400,-79.0087709157177,0,0,0
4037771562,-93.7809002110363,0,0,0;;;4037771400,-79.0738547214562,0,0,0
4037771562,-94.2897637532639,0,0,0;;;4037771400,-79.1561807726947,0,0,0
4037771562,-93.8790815702281,0,0,0;;;4037771400,-79.2111265526518,0,0,0
4037771562,-94.2639224857452,0,0,0;;;4037771400,-79.2494574926176,0,0,0
4037771562,-93.2369308266229,0,0,0;;;4037771400,-79.3004511203245,0,0,0
4037771562,-92.5485249462544,0,0,0;;;4037771400,-79.309548079604,0,0,0
4037771562,-91.0942539619742,0,0,0;;;4037771400,-79.3323322480571,0,0,0
4037771562,-89.4618767314265,0,0,0;;;4037771400,-79.3838162019648,0,0,0
4037771562,-88.5736743394742,0,0,0;;;4037771400,-79.528449383227,0,0,0
4037771562,-87.5657137518149,0,0,0;;;4037771400,-79.673158734043,0,0,0
4037771562,-87.3331735057332,0,0,0;;;4037771400,-79.7805922575133,0,0,0
4037771562,-86.9942384177049,0,0,0;;;4037771400,-79.9675625075442,0,0,0
4037771562,-86.7981416424447,0,0,0;;;4037771400,-80.1160957681655,0,0,0
4037771562,-86.7464073505935,0,0,0;;;4037771400,-80.3488973654728,0,0,0
4037771562,-86.5345458806451,0,0,0;;;4037771400,-80.6131916756347,0,0,0
4037771562,-86.5903611530033,0,0,0;;;4037771400,-80.8422392002459,0,0,0
4037771562,-86.8118072991939,0,0,0;;;4037771400,-81.294949340337,0,0,0
4037771562,-87.2839369204581,0,0,0;;;4037771400,-81.8013097309729,0,0,0
4037771562,-87.900237104624,0,0,0;;;4037771400,-82.1919267485862,0,0,0